Perusahaan,Sektor
Monstero Fishing Park,Others
Montclair Grasse,Healthcare/Medical
Montessori Huas Asia,Education
Montgomery Organization,Advertising/Marketing/Promotion/PR
Montigo Resorts Nongsa,Hotel/Hospitality
Mooi Photography,Others
Mooikitchen Yogyakarta,Food & Beverage / Catering / Restaurant
Moon cheer,Others
MoPromo.id,Others
Morabito,Hotel/Hospitality
More Living,Property/Real Estate
"Morena message,pub & KTV",Entertainment/Media
MORFO Interior.Architectufre - PT Kreasi Alfa Omega,Architectural Services/Interior Designing
Moringa Eat & Greet,Food & Beverage/Catering/Restaurant
Morning Communications (CV Aryavida Kreasi Abadi),Arts/Design/Fashion
morning creative agency,Others
Morning Glory Coffee,Food & Beverage/Catering/Restaurant
Morning Glory Enterprise (Surabaya),Computer/Information Technology (Software)
Morning Glory Preschool,Education
Morning Star Academy ( MSA ),Education
Moro Ma Doto,Hotel/Hospitality
Morris Interior Architects,Architectural Services/Interior Designing
Mosaic Interior & Furniture,Architectural Services/Interior Designing
Moscato Hotel & Cafe,Hotel/Hospitality
Mosfit,Accounting/Audit/Tax Services
MOSS (Motorcycle One Stop Service),Automobile / Automotive Ancillary / Vehicle
Moss Boutique Cafe,Hotel / Hospitality
Motifia,Construction/Building/Engineering
MOTION HATCHED STUDIO,Arts/Design/Fashion
Motionhouse Indonesia,Arts / Design / Fashion
Moto Explore Indonesia,Travel/Tourism
MotoCare,Automobile/Automotive Ancillary/Vehicle
MOTOPLAS,Manufacturing/Production
Motor 88,Automobile/Automotive Ancillary/Vehicle
MOTOR 88,Automobile/Automotive Ancillary/Vehicle
Motorave Bali,Retail / Merchandise
Motorcycle Retailer,Others
Mouseattack,Advertising/Marketing/Promotion/PR
Move nails,Others
Moviebox,Entertainment/Media
MOVIEBOX INDONESIA,Others
Movingue Living,Property/Real Estate
Moya Holdings Asia Limited,Marine/Aquaculture
Moz5 Salon Muslimah,Grooming / Beauty / Fitness
Mozaic Beach Club,Food & Beverage / Catering / Restaurant
Mozaic Restaurant and Homeware,Food & Beverage / Catering / Restaurant
MP LAW FIRM,Law/Legal
Mpgame,Computer/Information Technology (Software)
MPL Estetika,Healthcare/Medical
Mplus Solusi Jaya,Computer/Information Technology (Software)
MPM (Mediteranian Project Marketing) Network,Others
MPM INDONESIA,Others
MPM Tours & Travel,Entertainment / Media
MPNeeded,Others
MPP INTERNATIONAL DEVELOPMENTS,Construction / Building / Engineering
Mr & Miss Locus Family Karaoke,Entertainment/Media
Mr Copy,Printing / Publishing
Mr Crabby and Friends,Food & Beverage / Catering / Restaurant
Mr Cream Puff,Food & Beverage/Catering/Restaurant
Mr Jackie,Retail/Merchandise
Mr Pancake Semarang,Food & Beverage / Catering / Restaurant
Mr Safety Group,Construction/Building/Engineering
Mr Speedy Indonesia,Transportation/Logistics
Mr Suprek,Food & Beverage/Catering/Restaurant
Mr T Barbershop,Grooming / Beauty / Fitness
MR& Partners - Legal & Business Consulting Group,Law / Legal
Mr. Dakgalbi,Food & Beverage/Catering/Restaurant
MRA Broadcast Media Division,Entertainment/Media
MRA Broadcast Media Division,Entertainment/Media
MRCCC Siloam Hospitals Semanggi,Healthcare/Medical
MRTStars,Others
Ms Glow Aesthetic Clinic,Grooming/Beauty/Fitness
MS Taxes,Accounting/Audit/Tax Services
Ms. Crackles Cafe & Resto,Food & Beverage/Catering/Restaurant
MSA Kargo Cabang Medan,Transportation/Logistics
MSB Logistics,Transportation / Logistics
MSC As Agent PT Perusahaan Pelayaran Nusantara Panurjwan,Transportation/Logistics
MSCO Learning Partner,Consulting (Business & Management)
MT JEWELRY,Manufacturing/Production
MU 3,Banking / Financial Services
Muammar,Others
Muara Digital Printing,Printing/Publishing
Muara Group,Apparel
Muara Kuring Restaurant,Food & Beverage/Catering/Restaurant
Mubadala Petroleum,Oil / Gas / Petroleum
Muchever,Others
Muda Indo Group,Sports
Mudita Lestari,Architectural Services/Interior Designing
Mufida Collection,Arts / Design / Fashion
MUH ILHAM T,Others
Muhaimin Al Ansori,Others
muhamad  Rusli,Others
Muhamad mulyadi,Others
Muhammad Fahmi Sidqi,Others
Muhammad nurul hidayat,Others
muhammad prastyo nur cahyo,Others
Muhammad Ridwan,Others
Muhammad rizal,Others
Muhammad Siddik,Others
Muhammad tanzil,Others
