Perusahaan,Sektor
H & CO Law Office,Law/Legal
H & S (Jovanindo),Retail/Merchandise
H Sovereign Bali hotel,Hotel/Hospitality
H&A bimbel,Education
H&A Consultant,Consulting (Business & Management)
H.B. Fuller Indonesia,Manufacturing/Production
Ha Djin Garment,Textiles / Garment
Habitat for Humanity Indonesia,Non-Profit Organisation/Social Services/NGO
Habitual Coffee & Eatery,Others
Hade Daya Solusindo,Computer/Information Technology (Software)
HADI SUPERMARKET,Retail/Merchandise
Hadibroto Consulting Medan,Consulting (Business & Management)
"Hadiputranto, Hadinoto & Partners",Law/Legal
Hadiwinata Real Estate,Property/Real Estate
Hadromi & Partners,Law / Legal
HADS PARTNERSHIP LAW OFFICE,Law/Legal
Haerul Anwar,Others
Haerul umma,Others
haerwin jayapura,Others
hafes,Others
hafizah azwir,Others
Hahapro Harapan Harmony,Computer/Information Technology (Software)
hahhahaha,Others
HAI FRESH,Consulting (Business & Management)
Hai Space,Computer/Information Technology (Software)
Haimer Asia Pacific,Manufacturing / Production
Hajar Aswad,Travel / Tourism
Hajra,Others
Hakari Furniture,Property / Real Estate
Hakata Ikkousha,Food & Beverage / Catering / Restaurant
Hakaya Plaza Hotel,Hotel / Hospitality
Haleyora Powerindo,Electrical & Electronics
Halim Jaya CV,Others
Halim Technic Rubber,General & Wholesale Trading
Halim Walet Indonesia,Others
Halisense Architecture Interior Contractor,Architectural Services/Interior Designing
Halla,Construction/Building/Engineering
Halley & Mellowes PTY LTD,Heavy Industrial/Machinery/Equipment
HALLO TOUR & TRAVEL MEDAN,Advertising/Marketing/Promotion/PR
Halo Bali Spa,BioTechnology / Pharmaceutical / Clinical research
Halo Indonesia Magazine,Entertainment/Media
Halo Robotics,Retail/Merchandise
Halodoc (PT Polinasi Iddea Investama),Healthcare/Medical
HAMAREN GROUP,Consulting (Business & Management)
hamimatur,Others
Hamparan Cipta Griya,Property/Real Estate
Hampton's Park Apartment,Hotel/Hospitality
Hamzah Carpets,Retail/Merchandise
Han Dynastea,Food & Beverage/Catering/Restaurant
HAN Sukses Indonesia,Transportation/Logistics
"HAN‘S LASER TECHNOLOGY INDUSTRY GROUP CO.,LTD",Heavy Industrial/Machinery/Equipment
Hana International LTD,Manufacturing / Production
Hana Language Centre,Education
Hana Plantation Group,Agricultural / Plantation / Poultry / Fisheries
Hana Yuliani Uripah,Others
Hanami,Others
Hanara International Clinic,Healthcare / Medical
Hancock,Others
hand,Others
Handal Consulting & Training,Consulting (Business & Management)
Handal Media,Computer / Information Technology (Software)
Handmadenesia,Others
Handrawina International Restaurant & Function,Food & Beverage / Catering / Restaurant
Hands On,Grooming/Beauty/Fitness
Handy International Incorporated,Agricultural/Plantation/Poultry/Fisheries
Haneda Decorations,Architectural Services/Interior Designing
Hangga,Others
Hanging Gardens of Bali,Hotel/Hospitality
Hangout Bar & Kitchen,Food & Beverage/Catering/Restaurant
Hangout Cafe & Restaurant,Food & Beverage/Catering/Restaurant
Hangout Cafe (Bandung),Food & Beverage/Catering/Restaurant
Hanindo Tours and Travel,Travel/Tourism
HANIORI,Agricultural/Plantation/Poultry/Fisheries
"Hanjin Transportation Co, LTD",Transportation/Logistics
Hankel Kreasindo,Others
HanMax,Others
"HanmiGlobal Co.,Ltd",Consulting (Business & Management)
Hanna Filia Batam,Education
Hannami.Co,Others
Hannochs Indonesia  (Jakarta),Electrical & Electronics
hanny,Others
Hansa Meyer Global Transport GmbH & Co. KG,Others
Hansel & Gretel Preschool,Education
Hanslala building Consultant,Consulting (Business & Management)
Hansol Education Corp.,Others
Hanwha Corporation,Advertising/Marketing/Promotion/PR
Hanwha Life Insurance Indonesia,Insurance
Hanzha Family Spa,Grooming / Beauty / Fitness
Hao Dang Jia,Others
Hao Natural,General & Wholesale Trading
Happy baby,Retail/Merchandise
Happy Bali Travel,Travel / Tourism
"Happy Bear Preschool, Kindergarten and Daycare",Education
Happy Belly,Food & Beverage/Catering/Restaurant
Happy Chinese World,Education
Happy Dental Clinics,Healthcare/Medical
HAPPY HEALTHY COOKING,General & Wholesale Trading
Happy Holy Kids Playgroup,Education
Happy Interior,Manufacturing / Production
Happy Kiddy Indonesia,Retail/Merchandise
Happy Kids Therapy,Healthcare / Medical
Happy Learning Mandarin Centre,Education
Happy Letters Preschool,Education
Happy Pets,Grooming/Beauty/Fitness
Happy Play Jakarta,General & Wholesale Trading
Happy Puppy - Rumah Bernyanyi Keluarga,Others
HAPPY PUPPY CILEGON,Entertainment/Media
Happy Puppy Karaoke Keluarga,Others
Happy Puppy Karaoke Keluarga,Entertainment/Media
Happy Puppy Karaoke Keluarga (Semarang),Entertainment / Media
Happy Puppy PIK,Entertainment/Media
Happy Relax Massage & Reflexi,Grooming/Beauty/Fitness
Happy Sp Sihombing & Associates,Law/Legal
HAPPY TIME,Others
Happy Town Preschool & Kindergarten,Education
Happy Vacation Tour & Travel,Travel/Tourism
Happy World,Entertainment/Media
Happyelm,Retail/Merchandise
HappyFresh,Food & Beverage/Catering/Restaurant
Hapro Indonesia,General & Wholesale Trading
Hapsari Catering,Food & Beverage/Catering/Restaurant
Har Derma Solution,Healthcare/Medical
HARAPAN ABADI GROUP,General & Wholesale Trading
Harapan Baru,Electrical & Electronics
Harapan Citra Jaya,Manufacturing/Production
Harapan Ibu Islamic School,Education
Harapan Indah Club,Exhibitions/Event management/MICE
Harapan Mulia Preschool and Kindergarten,Education
Harapan Mulia School,Education
Harbour Bay Seafood Restaurant PT,Food & Beverage/Catering/Restaurant
HARBOUR INDONESIA,Others
Harcourt International Indonesia,Education
Harcourt International Indonesia (Medan),Education
Harcourts Bali,Property / Real Estate
Harcourts Boulevard,Others
Harcourts Denpasar,Property / Real Estate
Harcourts Kebayoran Baru,Property/Real Estate
"Harcourts Kebayoran Baru, Jakarta",Others
Harcourts Prioritas,Others
Harcourts Section One,Others
Hard Rock Radio Bali,Entertainment / Media
Hardford Institute,Education
Hardi Kopi dan Galeri,Food & Beverage/Catering/Restaurant
Hardika Meiliyani Sari,Others
Harfa Komputer,Computer / Information Technology (Software)
Harfa Wisata Internasional,Travel/Tourism
Harga Hopeng,Manufacturing / Production
Hariady.H,Others
Harian Bisnis Indonesia,Journalism
Harian Jurnal Asia,Advertising/Marketing/Promotion/PR
Harian Jurnal Asia,Advertising/Marketing/Promotion/PR
Hariom's Tailor & Textile,Textiles/Garment
Hariom's Tailor & Textile,Grooming / Beauty / Fitness
Harisha Optical,Healthcare / Medical
Harison Jaya,Manufacturing / Production
"Harja Gunatama Lestari, PT.",Others
Harjoeni Resto,Food & Beverage/Catering/Restaurant
Harlan and Holden Indonesia,Retail/Merchandise
Harlow,Hotel/Hospitality
Harmo Co (Singapore) PTE Ltd,Automobile/Automotive Ancillary/Vehicle
Harmoni Hotel Batam,Hotel / Hospitality
Harmoni One Convention Hotel & Service Apartment,Hotel/Hospitality
Harmoni Permata CV,Consulting (Business & Management)
Harmony Family Karaoke & Cafe (Pekanbaru),Entertainment/Media
Harnods Digital Architect,Computer/Information Technology (Software)
Harold Associates,Architectural Services/Interior Designing
Harper Kuta Hotel,Hotel / Hospitality
HARRIER  LASER CUTTING,General & Wholesale Trading
Harris Hotel & Residences Sunset Road Bali,Hotel / Hospitality
Harris Hotel Batam Center,Hotel/Hospitality
Harris Hotel Bukit Jimbaran,Hotel / Hospitality
Harris Hotel Tuban,Hotel / Hospitality
HARRIS MOBIL,Automobile/Automotive Ancillary/Vehicle
HARRIS Resort Wwaterfront Batam,Hotel / Hospitality
Harrisma Dewata Jaya,Computer / Information Technology (Hardware)
Harry Consultant,Accounting / Audit / Tax Services
Harsono Strategic Consulting,Accounting/Audit/Tax Services
Hartech-Surabaya Tehnik,Heavy Industrial / Machinery / Equipment
HARTONO AUDIO,Electrical & Electronics
Hartono Elektronika (Surabaya),Electrical & Electronics
Harvard Cinderella English Course,Education
Harvest Digital Printing,Printing/Publishing
Harvest Loomindo,Others
Harvest Mandiri,Others
Harvest Perdana Kompakindo,Computer / Information Technology (Hardware)
Hary Architect,Architectural Services/Interior Designing
Haryono Tours & Travel,Travel/Tourism
HARZAN GENERAL CONTRACTOR,"Consulting (IT, Science, Engineering & Technical)"
HAS Food Ltd,Food & Beverage/Catering/Restaurant
Hasanah Land,Property/Real Estate
Hasanudin,Others
Hasibuan Bawazier & Pramono,Consumer Products / FMCG
HASIL ABADI,Wood/Fibre/Paper
Hateka Sapta Kimia,Chemical / Fertilizers / Pesticides
HATTCO,Travel/Tourism
Haus Of Kwaca,Arts/Design/Fashion
Hauten Donal Bakery And Cake Shop,Food & Beverage / Catering / Restaurant
havanna family reslfexology,Healthcare/Medical
Haven Technology,Computer / Information Technology (Software)
HAWAI RESORT,Others
Hawaii Bali Hotel and Spa,Hotel / Hospitality
Hawaiian Bistro cab Bali,Food & Beverage/Catering/Restaurant
Hazani Rangka Utama,Computer/Information Technology (Software)
Hazawa Resto,Food & Beverage/Catering/Restaurant
Haze Beach Club,Food & Beverage / Catering / Restaurant
Hazel Clothes,Retail/Merchandise
Hazel Photo House,Arts/Design/Fashion
Hazotel Semarang,Hotel/Hospitality
HD Motor 99 Denpasar,Automobile / Automotive Ancillary / Vehicle
HDRA & Partners,Law/Legal
HDTX,Textiles/Garment
Head Hunter Bandung,Human Resources Management/Consulting
HeadStart English,Education
Healthy Yoghurt Yogyakarta,Food & Beverage/Catering/Restaurant
HearLIFE Hearing Center,Healthcare / Medical
Heart & Determination Training,Consulting (Business & Management)
Heart (Bali),Arts / Design / Fashion
Heart Inc,Consulting (Business & Management)
Heartsprings Therapy Center,Healthcare / Medical
"Hebei Road and Bridge Group Co., Ltd",Construction / Building / Engineering
Heguru Academy,Education
Hehe Gamez,Computer/Information Technology (Software)
Hejabs Ekspresi sempurna,Arts / Design / Fashion
Helca Management Consultants,Consulting (Business & Management)
Helen Keller International Indonesia,Non-Profit Organisation/Social Services/NGO
Helen Kuotie,Others
helga laserli,Others
Heliantono & Partners Registered Public Accountants,Law/Legal
Helindo Group,Property/Real Estate
Helio,Computer/Information Technology (Software)
HELIOS CAPITAL,Others
Helios Capital,Consulting (Business & Management)
Helios Fitness Purwokerto,Healthcare / Medical
Hello English,Education
Hello English (English Training Centre),Education
Hello Health Group,Healthcare/Medical
Helloflox,Arts/Design/Fashion
HELPTASK,Repair & Maintenance Services
HEMA Interior & Furniture,Architectural Services/Interior Designing
Hendarsam Marantoko & Partners Law Firm,Law/Legal
Hendra Budi GRup,Others
Hendra Plastik Company,General & Wholesale Trading
hendrawan,Others
Hendriansyah Speed Shop,Automobile / Automotive Ancillary / Vehicle
HENDRO & KANON,Law/Legal
HENDRO ART PHOTOGRAPHY,Arts / Design / Fashion
"Hendy Herijanto, Herlangga & Partners",Law/Legal
Henri Septian Silouw,Others
heny oktavia sari,Others
Hepitour,Travel/Tourism
Hera Bakery,Food & Beverage/Catering/Restaurant
Heracon Design & Build,Architectural Services/Interior Designing
HERAEUS MATERIALS  INDONESIA,Consumer Products/FMCG
Herbal Independen Distributor,Others
Herbalinsani,Others
HERBAMED,BioTechnology/Pharmaceutical/Clinical research
Herculez advertisement,Advertising / Marketing / Promotion / PR
Herfindo Grafika,Printing/Publishing
Heri irwanto,Others
HERITAGE by Tan Goei,Food & Beverage/Catering/Restaurant
Heritage School,Education
Herlyk Express,Transportation / Logistics
Herman Dexter Home Furnishings (Homa Sejahtera),Arts / Design / Fashion
Hermansya hidayat,Others
hermanto,Others
HERMANTOSIANTURI,Others
Hermawan Juniarto Lawyers,Law/Legal
Hermes Palace Hotel,Hotel / Hospitality
Hermes Palace Medan,Hotel / Hospitality
Hermes Place Polonia Medan,Hotel/Hospitality
Hermesindo,Human Resources Management / Consulting
Hermina Hospital Group,Healthcare/Medical
Herni Tiurma Siregar,Others
Hero Group Bali,Others
herowebdesain,Others
HES,Others
Hevea Villas,Hotel/Hospitality
Hexagon Metrology Asia Pacific Pte Ltd (Rep Office),Heavy Industrial/Machinery/Equipment
Hexxa Homeschooling,Education
HHG,Others
HHM Management Advisory Services,Human Resources Management / Consulting
HHR Lawyers,Law/Legal
Hi Lab Diagnostic Center,Healthcare / Medical
Hibaru Optic,Retail/Merchandise
HICOM,Others
Hida30,Others
Hidayah Islam Media,Others
Hidayat Putra Industri,Manufacturing/Production
Hidayatullah mustafid,Others
Hidden Valley Resort Bali,Hotel/Hospitality
Hidden Yard Coffee & Kitchen,Others
"Hideaway Residence | Ungasan, Bali",Property/Real Estate
Hideaway Villas Bali,Hotel/Hospitality
Hideout Cafe And Lounge,Others
Hidynamix Consulting,Consulting (Business & Management)
High Apparel Indonesia,Textiles / Garment
High Flyers Bali,Travel / Tourism
HIGH SPEED RAILWAY CONTRACTOR CONSORTIUM,Construction/Building/Engineering
HIGHBRAND GROUP,Construction/Building/Engineering
Higher Learning International,Education
Highpoint Group,Manufacturing/Production
Highpoint Serviced Apartment Surabaya,Hotel/Hospitality
HIJUP.COM,Retail/Merchandise
Hikari Distro,Retail/Merchandise
Hikarindo Machinery,Manufacturing/Production
Hikvision Singapore Pte Ltd,Security/Law Enforcement
Hilab Diagnostic Center,Healthcare/Medical
Hilaris School,Education
Hill International N.V,"Consulting (IT, Science, Engineering & Technical)"
Hillpark Sibolangit,Entertainment/Media
Hilman mubarok,Others
Hilton,Hotel/Hospitality
Himawari Babys,Retail/Merchandise
Himax Indonesia - PT Dwi Utama Perkasa,Telecommunication
Himeji Express,Transportation/Logistics
Himpunan Kawasan Industri Indonesia,Non-Profit Organisation/Social Services/NGO
HINENI,Retail/Merchandise
HINO - PT Catur Kokoh Mobil Nasional,Automobile/Automotive Ancillary/Vehicle
HINO HIBAINDO,Automobile/Automotive Ancillary/Vehicle
HINO Truck Indonesia,Automobile/Automotive Ancillary/Vehicle
HIOKI SINGAPORE PTE. LTD.,Others
Hippie Fashion Bandung,Others
HiringBoss Indonesia,Human Resources Management / Consulting
Hiro Big Company,Others
Hironimus sihombing,Others
Hirsch Bedner Associates,Architectural Services/Interior Designing
Hisana Fried Chicken,Others
Hisana Fried Chicken Wil Tegal,Food & Beverage/Catering/Restaurant
HIT Corporation,Electrical & Electronics
Hitam indo corp.,Others
Hitay Energy Holdings,Utilities/Power
Hitay Energy Holdings,Oil/Gas/Petroleum
Hits Education,Education
Hive Design,Arts/Design/Fashion
Hivos Foundation,Non-Profit Organisation/Social Services/NGO
HJR Konsultan,Accounting / Audit / Tax Services
HK Global Pte Ptd,Polymer/Plastic/Rubber/Tyres
HK Logistics Pty. Ltd,Non-Profit Organisation / Social Services / NGO
HKR Law Firm,Law/Legal
HKY Bakery,Others
HLB Hadori Sugiarto Adi dan Rekan,Law / Legal
HLS GROUP,Telecommunication
HMP,Others
HNEEF HOLDING,Others
Hoang Gia,Others
Hochiki Asia Pasific Pte Ltd,Environment/Health/Safety
Hocus Focus,Arts/Design/Fashion
Hofris (House of Ristra),Grooming/Beauty/Fitness
Hog Wild,Food & Beverage/Catering/Restaurant
Hog's Breath Cafe,Food & Beverage / Catering / Restaurant
Hoghock,Others
Hojeon Limited,Manufacturing / Production
Hojeon Research & Development (R&D) Institute,Textiles/Garment
Hokari Linex Pratama,Oil/Gas/Petroleum
HOLDING PERKEBUNAN NUSANTARA PTPN III (PERSERO),Agricultural/Plantation/Poultry/Fisheries
HOLI GROUP,Manufacturing/Production
Holi Group,Food & Beverage / Catering / Restaurant
Holiday Inn Bandung,Hotel / Hospitality
Holiday Inn Jakarta Kemayoran,Hotel/Hospitality
Holiday Inn Resort Bali Benoa,Hotel/Hospitality
Holiday Inn Resort Batam,Hotel / Hospitality
Holiday Villa Pantai Indah,Accounting/Audit/Tax Services
Holipic Holiday imaging,Hotel/Hospitality
Holipic Photography,Others
Holistic Solution Center,Consulting (Business & Management)
Holistik Estetika,Others
Hollywood White,Retail/Merchandise
Holmes Reinsurance Brokers,Others
Holy-Sinta Foundation,Non-Profit Organisation / Social Services / NGO
Holycow Steak Semarang,Accounting/Audit/Tax Services
Homarkindo Reka Kreasi,Manufacturing / Production
Home @36 Condotel,Hotel / Hospitality
HOME ANAYA HOTEL,Hotel/Hospitality
Home Atrium Marble,Healthcare / Medical
Home Base Spa,BioTechnology / Pharmaceutical / Clinical research
Home Builders Centre,Retail / Merchandise
Home Care Medifarma,Others
Home Decor,Architectural Services/Interior Designing
Home Industry RWD,Manufacturing/Production
Home Life 89 Batam,Property/Real Estate
Home Plus,Architectural Services / Interior Designing
Home Smart,Retail/Merchandise
Home Solution,Retail/Merchandise
Home Sweet Home,Architectural Services / Interior Designing
Home's Id Build & Interior Design,Architectural Services / Interior Designing
Home168,Architectural Services / Interior Designing
Homeschooling Alam,Education
Homeschooling Kak Seto,Education
Homeschooling Kak Seto (Semarang),Education
Homeschooling Kak Seto (solo),Education
Homeschooling Kak Seto Pusat,Others
Homeschooling Primagama ( Bali ),Education
Homeschooling Primagama Cabang Solo Baru,Education
Homeschooling Primagama Pakuwon City,Education
HomeStar,Others
Hometech,Manufacturing/Production
Hommie Coffee and Noodle,Others
Hompimplay,Entertainment / Media
Honda Abadi Cibiru,Automobile/Automotive Ancillary/Vehicle
Honda Ahmad Yani,Automobile/Automotive Ancillary/Vehicle
Honda Arista Sudirman,Automobile / Automotive Ancillary / Vehicle
Honda Arta Cikupa (PT Arta Tritunggal Jaya),Automobile/Automotive Ancillary/Vehicle
Honda bike,Others
Honda Cibubur (PT. Cibubur Indah Motor),Automobile/Automotive Ancillary/Vehicle
Honda Fatmawati,Automobile/Automotive Ancillary/Vehicle
Honda Kuta Raya,Retail / Merchandise
Honda Maju Motor,Others
Honda Maju Motor Jakarta,Others
HONDA MITRA GRESIK,Automobile/Automotive Ancillary/Vehicle
honda motor indo,Others
Honda Mugen (Experienced Candidates),Automobile/Automotive Ancillary/Vehicle
Honda Pondok Indah,Automobile/Automotive Ancillary/Vehicle
HONDA PRIMA,Automobile/Automotive Ancillary/Vehicle
Honda Prima (Batang),Automobile / Automotive Ancillary / Vehicle
"Honda R&D Southeast Asia Co., Ltd.",Automobile/Automotive Ancillary/Vehicle
HONDA royal wiyung,Others
Honda Semarang (PT Mandala Armada Motor),Automobile / Automotive Ancillary / Vehicle
Honda Surabaya Center,Automobile/Automotive Ancillary/Vehicle
HONDA TEGAL RAYA,Automobile/Automotive Ancillary/Vehicle
Honda Tugu Motor,Others
HONDA Tunggul Sakti,Automobile/Automotive Ancillary/Vehicle
Hong Kong Trade Development Council,General & Wholesale Trading
HONG TANG,Food & Beverage/Catering/Restaurant
HongKong YHStar Car Training,Others
Honorer Kementerian Agama Serang,Others
Honu: Poke and Matcha Bar,Others
Honz Perkasa Autolamp & Part,General & Wholesale Trading
HOOTERS JAKARTA,Others
Hop n Pop,Education
"Hopax Indonesia, PT",Chemical/Fertilizers/Pesticides
Hope Children School,Education
Hopefoods Inc,Food & Beverage/Catering/Restaurant
Hoptografi,Arts/Design/Fashion
Horison Hotel Ultima Palembang,Hotel/Hospitality
Horizon Inc,Exhibitions/Event management/MICE
horse porch coast excitement iron,Others
Hospitality Culinary,Food & Beverage/Catering/Restaurant
Hosting Castle Limited,Computer/Information Technology (Software)
Hot Star Large Fried Chicken,Food & Beverage / Catering / Restaurant
Hotel & Travel E-commerce,Hotel/Hospitality
Hotel Agas International,Hotel / Hospitality
Hotel Agraha Andalas Makassar,Hotel / Hospitality
Hotel All Seasons Denpasar,Hotel / Hospitality
Hotel Alpha Inn,Hotel / Hospitality
Hotel Amaris Pratama Nusa Dua Bali,Hotel / Hospitality
Hotel Ambhara,Hotel / Hospitality
Hotel Angin Mammiri,Hotel/Hospitality
Hotel Anugerah,Hotel / Hospitality
Hotel Aquarius Boutique,Hotel / Hospitality
Hotel Aria Barito Banjarmasin,Hotel/Hospitality
Hotel Arion-SwissBel,Hotel / Hospitality
Hotel Aryaduta (Lippo Karawaci),Hotel/Hospitality
Hotel AryaDuta (Medan),Hotel/Hospitality
Hotel Aryaduta Jakarta,Hotel/Hospitality
Hotel Aryaduta Lippo Village,Hotel/Hospitality
Hotel Aryaduta Makassar,Hotel / Hospitality
Hotel Aryaduta Palembang,Hotel/Hospitality
Hotel Aryaduta Semanggi,Hotel/Hospitality
Hotel Aryuka Yogyakarta,Hotel/Hospitality
Hotel Asih Yogyakarta,Hotel / Hospitality
Hotel Astika (Experienced Candidates),Hotel / Hospitality
Hotel Atlet Century Park Jakarta,Hotel/Hospitality
HOTEL BALTIKA,Others
Hotel Bandara Sofyan,Hotel / Hospitality
HOTEL BANDENGAN BEACH,Hotel/Hospitality
Hotel Bekizaar,Hotel / Hospitality
Hotel Besar Purwokerto,Hotel/Hospitality
Hotel Betha Subang,Hotel/Hospitality
Hotel Bintang Fajar,Hotel / Hospitality
Hotel Bisanta Bidakara Surabaya,Hotel/Hospitality
Hotel Borobudur Jakarta,Hotel/Hospitality
Hotel Bounty,Hotel / Hospitality
Hotel Buana Graha,Hotel/Hospitality
Hotel Bumi Asih Makassar,Hotel / Hospitality
Hotel Bumi Sawunggaling,Hotel / Hospitality
Hotel Bumi Segah,Hotel/Hospitality
Hotel C3 Ungaran / River Walk Boja,Food & Beverage/Catering/Restaurant
Hotel Celebes Manado,Hotel/Hospitality
Hotel Ceria,Hotel / Hospitality
Hotel Chanti by Tentrem Hotel Management Indonesia,Hotel/Hospitality
Hotel Cherish,Hotel / Hospitality
Hotel Ciputra Cabang Semarang,Hotel / Hospitality
Hotel Ciputra Jakarta,Hotel / Hospitality
Hotel City,Others
Hotel Coklat,Hotel / Hospitality
Hotel D'wangsa,Hotel/Hospitality
Hotel Dafam Cilacap,Hotel/Hospitality
Hotel Dafam Lotus Jember,Hotel/Hospitality
Hotel Dafam Pekalongan,Hotel/Hospitality
Hotel Dalem Agung Palagan 99,Hotel / Hospitality
Hotel Delta Sinar Mayang,Hotel/Hospitality
Hotel Dinasti Makasar,Hotel / Hospitality
Hotel Djelita,Hotel/Hospitality
Hotel Eastparc Yogyakarta,Hotel / Hospitality
Hotel Ecosfera,Hotel/Hospitality
Hotel Endah Parahyangan,Hotel / Hospitality
Hotel Everbright,Hotel / Hospitality
Hotel Fave Kusumanegara (Yogyakarta),Hotel/Hospitality
Hotel Fits Harapan Kita,Hotel/Hospitality
Hotel Go,Hotel/Hospitality
Hotel Grage Jogja,Hotel/Hospitality
Hotel Grage Ramayana,Hotel/Hospitality
Hotel Graha,Hotel / Hospitality
Hotel Grand Arabia Banda Aceh,Hotel/Hospitality
Hotel Grand Darmo Suite,Hotel / Hospitality
Hotel Grand Nikko Bali,Hotel / Hospitality
Hotel Grand Pujon View,Hotel/Hospitality
Hotel Grand Viveana,Hotel/Hospitality
Hotel Grasia,Hotel/Hospitality
Hotel Gren Alia Cikini,Hotel/Hospitality
Hotel Griya Santrian,Hotel/Hospitality
Hotel Gunawangsa Manyar,Hotel/Hospitality
Hotel Hakmaz Taba Syariah,Hotel/Hospitality
Hotel Hawaii Bali,Hotel / Hospitality
Hotel Horison,Hotel / Hospitality
Hotel Horison Bekasi,Hotel / Hospitality
Hotel Horison Makasar,Hotel/Hospitality
Hotel Horison Pekalongan,Hotel / Hospitality
Hotel Horison Ultima Makassar,Hotel/Hospitality
Hotel Ibis Arcadia,Hotel / Hospitality
Hotel Ibis Bali Kuta,Hotel / Hospitality
Hotel Ibis Jakarta Tamarin,Hotel/Hospitality
Hotel IBIS Kemayoran,Hotel / Hospitality
Hotel Ibis Malioboro Yogyakarta,Hotel/Hospitality
Hotel Ibis Rajawali Surabaya,Hotel/Hospitality
Hotel Ibis Semarang Simpang Lima,Hotel/Hospitality
Hotel Ibis Styles Medan Pattimura,Hotel/Hospitality
Hotel Ibrahim Syariah,Hotel/Hospitality
Hotel Indah Palace,Hotel/Hospitality
Hotel Indomas,Hotel / Hospitality
Hotel Indonesia Kempinski Jakarta,Hotel / Hospitality
Hotel InterContinental MidPlaza Jakarta,Hotel/Hospitality
Hotel Istana (Luwuk),Hotel / Hospitality
Hotel Jakarta Makassar,Hotel / Hospitality
Hotel Kartika Chandra,Hotel / Hospitality
Hotel Kartika Wijaya Batu,Hotel / Hospitality
Hotel Kencana Pemalang,Hotel / Hospitality
Hotel Kristal Jakarta,Hotel / Hospitality
Hotel Kristalia,Hotel/Hospitality
HOTEL KRISTINA,Hotel/Hospitality
Hotel Latief Inn,Hotel/Hospitality
Hotel Le Beringin Salatiga,Hotel / Hospitality
Hotel Legian Beach Bali,Hotel/Hospitality
HOTEL LUMINOR - JEMURSARI,Hotel/Hospitality
Hotel Makassar Golden,Hotel/Hospitality
Hotel Matahari,Hotel/Hospitality
Hotel Maven fatmawati,Hotel/Hospitality
Hotel Mawar Asri,Hotel/Hospitality
Hotel Maximillian,Hotel / Hospitality
Hotel Mega Lestari,Hotel / Hospitality
Hotel Melia Purosani [Yogyakarta],Hotel / Hospitality
Hotel Merapi Merbabu Yogyakarta,Hotel/Hospitality
HOTEL MERCURE BANDUNG SETIABUDI,Hotel/Hospitality
Hotel Mercure Convention Center Ancol,Hotel/Hospitality
Hotel Mercure Jakarta Simatupang,Hotel / Hospitality
Hotel Mercure Surabaya,Hotel / Hospitality
Hotel Merdeka Kediri,Hotel/Hospitality
Hotel Metro,Hotel/Hospitality
Hotel Mustika,Hotel/Hospitality
Hotel Mutiara Malioboro,Hotel/Hospitality
Hotel Nagoya Plasa,Hotel / Hospitality
Hotel Nanda,Hotel/Hospitality
Hotel Narita,Hotel / Hospitality
Hotel Neo Aston Tendean,Hotel/Hospitality
Hotel Neo Candi Semarang,Hotel / Hospitality
Hotel Neo Legian Jelantik,Hotel / Hospitality
Hotel Neo Melawai,Hotel/Hospitality
Hotel New Idola,Hotel/Hospitality
Hotel Novotel Mangga Dua,Hotel / Hospitality
Hotel Novotel Surabaya Hotel & Suites,Hotel / Hospitality
Hotel Nusantara,Hotel/Hospitality
Hotel Nyland Cipaganti,Hotel / Hospitality
hotel oakwood premier cozmo jakarta,Hotel/Hospitality
Hotel Odaita,Hotel/Hospitality
Hotel Olive,Hotel/Hospitality
Hotel Orchardz,Hotel/Hospitality
Hotel Pandanaran,Hotel/Hospitality
Hotel Paniisan (Bandung),Hotel / Hospitality
Hotel Panorama Regency Batam,Hotel / Hospitality
Hotel Permata  Bandung,Hotel/Hospitality
Hotel Permata In,Hotel/Hospitality
Hotel Pondok Serata,Hotel / Hospitality
Hotel Promenade Bandung,Hotel/Hospitality
Hotel Properti Internasional,Property/Real Estate
Hotel Puri Asri,Hotel/Hospitality
Hotel Puri Garden Semarang,Hotel/Hospitality
Hotel Puri Inn,Hotel / Hospitality
Hotel Purnama,Hotel/Hospitality
Hotel Quirin,Hotel / Hospitality
Hotel Ratumayang Garden Pekanbaru,Hotel/Hospitality
Hotel Rizz Calton,Others
Hotel Ro & Vi Boutique,Hotel/Hospitality
Hotel Royal Kuningan,Hotel/Hospitality
Hotel Sahid Jaya International Tbk,Hotel / Hospitality
Hotel Sahid Jaya Solo,Hotel / Hospitality
Hotel Sahid Montana Malang,Hotel/Hospitality
Hotel Sahid Pekanbaru,Hotel / Hospitality
Hotel Sampurna Jaya International (tanjung Pinang),Hotel / Hospitality
Hotel Sandjaja Palembang,Hotel/Hospitality
Hotel Santika Makassar,Hotel / Hospitality
Hotel Santika Premier Beach Resort,Hotel / Hospitality
Hotel Santika Premiere ICE BSD CIty,Others
Hotel Santika Premiere Jakarta,Hotel/Hospitality
Hotel Santika Premiere Malang,Hotel / Hospitality
Hotel Santika Premiere Semarang,Hotel / Hospitality
Hotel Santika Siligita Nusa,Hotel/Hospitality
Hotel Santika Taman Mini Indonesia Indah,Hotel / Hospitality
Hotel Sanur Beach Bali (PT Aerowisata International ),Hotel/Hospitality
Hotel Sanur Indah,Hotel/Hospitality
Hotel Selyca Mulia Samarinda,Hotel / Hospitality
Hotel Sheraton Bandara,Hotel/Hospitality
Hotel Sheraton Lampung,Hotel / Hospitality
Hotel Shita Bali Jimbaran,Hotel / Hospitality
Hotel Sibayak Internasional Berastagi,Hotel/Hospitality
Hotel Siliwangi Semarang,Hotel / Hospitality
HOTEL SION HOLIDAY,Hotel / Hospitality
Hotel Sun Palace Mojokerto,Hotel/Hospitality
Hotel Sydney,Hotel / Hospitality
HOTEL TAUZIA,Hotel / Hospitality
Hotel Tentrem Yogyakarta,Hotel / Hospitality
Hotel Terrace at Kuta,Hotel / Hospitality
Hotel The Flora Kuta Bali,Hotel / Hospitality
Hotel The Sandi Phala & Ma Joly Restaurant,Hotel/Hospitality
Hotel Tiara Surya Bontang,Hotel / Hospitality
Hotel Tugu Blitar,Hotel/Hospitality
Hotel Tugu Grup,Hotel/Hospitality
Hotel Tugu Lombok,Hotel / Hospitality
Hotel Vila Lumbung,Hotel / Hospitality
Hotel Vindhika,Hotel / Hospitality
Hotel Wholesale,Travel / Tourism
Hotel Wijaya,Hotel/Hospitality
Hotel WismaAji Yogyakarta,Hotel / Hospitality
HOTEL YASMIN JAYAPURA,Others
Hotel/makanan dan minuman,Others
Hotma Sitompoel & Associates,Law/Legal
HOTPIPES,Automobile / Automotive Ancillary / Vehicle
Hotstone Detox Therapy,Healthcare / Medical
Hotware Semarang,"Consulting (IT, Science, Engineering & Technical)"
House bierre,Others
House In Bandung.com,Property/Real Estate
House Of Balcony,Food & Beverage/Catering/Restaurant
House Of Culinaire,Food & Beverage/Catering/Restaurant
House of David,Grooming/Beauty/Fitness
House of David Salon & Spa,Grooming/Beauty/Fitness
House Of Dura Makassar,Healthcare/Medical
House of Dura Skin Care,Healthcare / Medical
House Of Grace,Non-Profit Organisation/Social Services/NGO
House of Kashkha,Retail/Merchandise
House of Little B,Education
House of liwura,Hotel/Hospitality
House of Software Technology (HoST),Computer/Information Technology (Software)
House of Talenta Semarang,Others
House Of Tutors,Education
House Of Wallpaper Bali,Retail / Merchandise
House Of Zakka,Retail/Merchandise
Houseware Store Indonesia,Retail/Merchandise
Houseware Store International,Retail/Merchandise
Housewives On Fire,Food & Beverage/Catering/Restaurant
Hova Studio,Arts/Design/Fashion
Howard Design,Architectural Services / Interior Designing
HPI-Agro,Agricultural/Plantation/Poultry/Fisheries
HPM Law Firm & Partners,Law / Legal
HRA Corporation,Mining
HRD Corporate Mall Bekasi Cyberpark,Others
HRD MANDALA MULTIFINANCE (wonogiri),Banking/Financial Services
HRD PF,Others
"HRD Super Penyet Semarang Jl. Setiabudi NO. 207, Semarang, Jawa Tengah",Others
HRM. Kartika Agung Dewata,Others
HSBC,Banking/Financial Services
HSBC (Jogjakarta),Banking / Financial Services
HSH Learning Center,Others
HTC Global Services,Others
HTC Software Singapore PTE. LTD,Computer/Information Technology (Software)
HTO Travel Co Ltd,Others
htransmedia,Others
http://e-recruitment.indofood.com,Others
Hua Xing Abadi (Surabaya),General & Wholesale Trading
Hua Yu Mandarin Course,Others
Huang Hou Restaurant,Food & Beverage/Catering/Restaurant
Huangshan Holdings,Others
Huawei - Bali Youmei,Electrical & Electronics
"Huawei Technologies Co., Ltd.",Advertising / Marketing / Promotion / PR
Hub Market dan Magic Eye 3D Museum,Food & Beverage/Catering/Restaurant
Hubei Second Electric Power,Construction/Building/Engineering
Hubton Indonesia,Computer/Information Technology (Software)
Hubud,Others
Hubud (Hub in Ubud),Hotel/Hospitality
HUGO CONSULTING,Accounting/Audit/Tax Services
Hugos Embassy Jogjakarta,Entertainment / Media
Human Head Hunting,Human Resources Management/Consulting
human opportune,Food & Beverage/Catering/Restaurant
Human Resources Indonesia Andalan,Others
human touch box motion begun,Others
Humaninc.,Consulting (Business & Management)
humanstrans7,Others
Humble Kids Courses,Education
Hume Sakti Indonesia Surabaya,Construction / Building / Engineering
HumiTrap Indonesia,Transportation / Logistics
Hummingbird Eatery & Guesthouse,Food & Beverage/Catering/Restaurant
Hummingbird Wallpaper,Arts/Design/Fashion
Hungrill Bistro and Bar,Others
Hungry Bird Coffee (Bali),Food & Beverage / Catering / Restaurant
Hungry Hatt,Food & Beverage / Catering / Restaurant
Hungry Panda,Food & Beverage/Catering/Restaurant
Hunky Dory Barbershop,Grooming/Beauty/Fitness
Hunting Fields,Textiles / Garment
Huolala China Technology Limited,Computer/Information Technology (Software)
HUSKY ANUGERAH LIMITED,Oil/Gas/Petroleum
Husky-CNOOC Madura Limited,Oil/Gas/Petroleum
hutagalung,Others
Hutahaean Group,Agricultural/Plantation/Poultry/Fisheries
HUTAMA ROAD MARKING,General & Wholesale Trading
Hutama Tirta Makassar,Consumer Products / FMCG
Hutanindo Lestari Group,Agricultural / Plantation / Poultry / Fisheries
Huty Solidindo PT,Manufacturing/Production
Huu Bali,Food & Beverage / Catering / Restaurant
Hwaseung Exwill Co Ltd,Manufacturing/Production
"HWASEUNG EXWILL CO.,LTD",Mining
HWMA Law Firm,Law/Legal
HWP Law,Law/Legal
HY Mobility,Others
Hyatt Regency Yogyakarta,Hotel/Hospitality
HYPEBOX,Others
Hyperpedia.id,"Consulting (IT, Science, Engineering & Technical)"
Hyphens Pharma Pte Ltd,Healthcare/Medical
"Hytera Communication Co,Ltd",Telecommunication
HYUNDAI ALUMINUM CO.LTD,Construction/Building/Engineering
Hyundai Corporation,General & Wholesale Trading
Hyundai Eng & Const.Co.Ltd,Construction/Building/Engineering
Hyundai Engineering & Construction Co. Ltd (Tarutung),Construction/Building/Engineering
"Hyundai Engineering & Construction Co.,Ltd.",Construction/Building/Engineering
Hyundai Engineering Co Ltd,Construction/Building/Engineering
Hyundai Engineering Co. Ltd (Bandung),Construction/Building/Engineering
Hyung Duk Indonesia,General & Wholesale Trading
