Perusahaan,Sektor
K & I,Textiles / Garment
K&K Advocates,Law/Legal
K- IMAGE (PT Kesuma Media Nusantara),Consulting (Business & Management)
K-24 Indonesia Cab. Kedungmundu,BioTechnology/Pharmaceutical/Clinical research
K-Beauty Academy Indonesia,Manufacturing/Production
K-Globals tour n travel,Travel / Tourism
K-Soft Indonesia,Manufacturing/Production
K-Solutions (Namu Partners),Computer / Information Technology (Software)
K.D. Feddersen,Polymer/Plastic/Rubber/Tyres
K2 Karaoke Keluarga,Entertainment/Media
KAABA Virtual Experience,Computer/Information Technology (Software)
KaBaTaKu Sub Master Sidoarjo,Education
Kabobs Premium Kebab,Food & Beverage/Catering/Restaurant
KACA coffee & eatery,Others
Kacamata Creation,Construction / Building / Engineering
KADOISTIMEWA.COM,Exhibitions/Event management/MICE
Kafe Bola,Food & Beverage / Catering / Restaurant
Kafe Rute15,Food & Beverage/Catering/Restaurant
Kafila Group,Banking / Financial Services
Kaflah Gadget,Others
Kaftan Kaftan,Arts/Design/Fashion
Kagum Group,Property / Real Estate
Kagum Hotels Management,Hotel/Hospitality
Kagum Land Property,Property / Real Estate
KAHA Group,Travel/Tourism
Kail Mas Offset Printing,Printing / Publishing
Kaingamis,Others
Kairos Gracia,Education
Kairos Sukses Sejati,Retail / Merchandise
Kairoz Printing,Printing/Publishing
Kajima Corporation,Others
Kakei Company,Textiles / Garment
KalaKao Indonesia,Agricultural / Plantation / Poultry / Fisheries
Kalandara (Semarang),Consulting (Business & Management)
KALBE NUTRITIONALS,Consumer Products/FMCG
"Kalbe Vision (part of PT. Kalbe Farma, Tbk)",Healthcare/Medical
KALBIS Institute,Education
Kalfi Katering,Others
Kalidjodo Transportation,Transportation / Logistics
KALINDO LAND,Property/Real Estate
Kalindojava Manufactured,Manufacturing/Production
Kaloka Realty,Property / Real Estate
Kalpa Tree Dine & Chill,Food & Beverage/Catering/Restaurant
Kaltimgpsdotcom,Electrical & Electronics
Kalyana Karunia Resort,Hotel / Hospitality
Kalysa Wedding Galery,Grooming/Beauty/Fitness
Kam & Co (Jakarta),Manufacturing/Production
KAMALTEK,Others
Kamandoko Multi Persada,Architectural Services/Interior Designing
Kamar Dagang dan Industri Indonesia (Kadin),Non-Profit Organisation / Social Services / NGO
Kamar Hukum Kepailitan Indonesia,Law/Legal
Kamar Kreasi Desain,Advertising/Marketing/Promotion/PR
Kamar Murah,Healthcare / Medical
Kamar Parfum,Accounting/Audit/Tax Services
Kamboja Computer College,Education
Kami Studio,Advertising/Marketing/Promotion/PR
Kamikadomu,Telecommunication
Kampoeng  Steak (Surabaya),Food & Beverage/Catering/Restaurant
Kampoeng Semarang,Retail / Merchandise
Kampoeng Tjoekir Distro,Arts / Design / Fashion
Kampoeng Villa,Hotel / Hospitality
Kampung Group,General & Wholesale Trading
Kampung Labasan Resto,Food & Beverage / Catering / Restaurant
Kampung Sampireun Resort & SPA,Hotel/Hospitality
Kampus AMIK-ASM LAKSI 31,Education
Kampus Galileo Batam (Stie Galileo),Education
kams roast,Food & Beverage/Catering/Restaurant
KAN's Property,Others
Kana Komputer,Computer / Information Technology (Hardware)
Kana Software Inc.,Computer/Information Technology (Hardware)
Kanaan Christian School Semarang,Education
Kanaan Global School,Education
Kanaan Global School Jambi,Education
Kang Bang,Others
Kang Bang Konstruksi Bangunan,Others
Kangen Water Indonesia,Chemical / Fertilizers / Pesticides
Kanmo Group,Retail/Merchandise
KANSAI MARUA,Others
Kantar Indonesia,Consulting (Business & Management)
Kantar TNS Indonesia,Advertising/Marketing/Promotion/PR
KANTOR ADVERTISING,Others
"Kantor Advokat Adiwarman, SH, MH,MBA",Law/Legal
Kantor Advokat dan Konsultan Saskara Counsellors,Law/Legal
Kantor Advokat Radhie Noviadi & Associates,Law/Legal
Kantor Akuntan Public Sasongko Mulyo (KAP-S. MULYO),Law/Legal
KANTOR AKUNTAN PUBLIK  SAFRIL DAN PANGKI,Consulting (Business & Management)
"Kantor Akuntan Publik ""Benny, Tony, Frans & Daniel""",Accounting/Audit/Tax Services
Kantor Akuntan Publik Agus Ubaidillah dan Rekan,Law/Legal
Kantor Akuntan Publik Bayudi Watu & Rekan,Accounting/Audit/Tax Services
"Kantor Akuntan Publik Drs Irwanto, Hary Usman dan Rekan",Law/Legal
Kantor Akuntan Publik Drs Kartoyo & Rekan,Law / Legal
Kantor Akuntan Publik Drs.Tommy Santoso,Accounting / Audit / Tax Services
Kantor Akuntan Publik Efrinal & Setiyawan,Accounting/Audit/Tax Services
Kantor Akuntan Publik Euneke Winarjo,Accounting / Audit / Tax Services
"Kantor Akuntan Publik Griselda,Wisnu & Arum",Others
"Kantor Akuntan Publik Jamaludin, Ardi, Sukimto & Rekan",Accounting/Audit/Tax Services
Kantor Akuntan Publik Jimy Abadi,Accounting/Audit/Tax Services
"Kantor Akuntan Publik Made Sudarma, Thomas, Dewi",Law/Legal
Kantor Akuntan Publik Maurice Ganda Nainggolan & Rekan,Accounting/Audit/Tax Services
Kantor Akuntan Publik Mirawati Sensi Idris,Consulting (Business & Management)
Kantor Akuntan Publik Mirawati Sensi Idris (Jakarta Barat),Accounting/Audit/Tax Services
Kantor Akuntan Publik Mirawati Sensi Idris (Jakarta Selatan),Accounting/Audit/Tax Services
Kantor Akuntan Publik Moh. Wildan,Accounting/Audit/Tax Services
"Kantor Akuntan Publik Muljawati, Rini & Rekan",Accounting/Audit/Tax Services
Kantor Akuntan Publik Tanubrata Sutanto Fahmi Bambang dan Rekan,Accounting/Audit/Tax Services
Kantor Akuntan Publik Tjahjadi & Tamara (Surabaya),Accounting/Audit/Tax Services
Kantor Akuntan Publik Zulfikar Dan Rizal,Accounting/Audit/Tax Services
Kantor Akutan Publik Gatot Victor,Accounting/Audit/Tax Services
Kantor Hukum Aji Wijaya & Co,Law/Legal
Kantor Hukum Fransisca Indrasari & Partners,Law/Legal
Kantor Hukum Hartono & Rekan,Law/Legal
Kantor Hukum Irfan Melayu,Law/Legal
Kantor Hukum Kresna Wasedanto & Partners,Law/Legal
Kantor Hukum LC & Co. Advocates,Law/Legal
Kantor Hukum Lontoh & Partners,Law/Legal
Kantor Hukum Muchtar Arifin & Partners,Law / Legal
Kantor Jasa Penilai Publik (KJPP) Dino Suharianto,Property/Real Estate
Kantor Jasa Penilai Publik Firmansyah,Accounting / Audit / Tax Services
Kantor Jasa Penilai Publik Satria Iskandar Setiawan Dan Rekan (Surabaya),Consulting (Business & Management)
Kantor Jasa Widjaja,Accounting/Audit/Tax Services
Kantor Konsuler Jepang,Accounting/Audit/Tax Services
Kantor Konsultan Hdt,Consulting (Business & Management)
Kantor Konsultan Pajak Benny Gunawan & Rekan (Surabaya),Accounting/Audit/Tax Services
Kantor Konsultan Pajak Dra. Ely Yuniar Ak,Accounting/Audit/Tax Services
"Kantor Konsultan Pajak Drs Ekita Lokmansuy, Ak",Others
Kantor Konsultan Pajak Drs Suradi Toha MM & Rekan,Consulting (Business & Management)
"Kantor Konsultan Pajak HASRUN JEO,BKP, CPA",Accounting/Audit/Tax Services
Kantor Konsultan Pajak Heru Lukman & Pitra,Accounting/Audit/Tax Services
Kantor Konsultan Pajak Hirwan,Consulting (Business & Management)
Kantor Konsultan Pajak Maria,Consulting (Business & Management)
Kantor Konsultan Pajak Norbertus Simon,Security/Law Enforcement
Kantor Konsultan Pajak Solusi ProTax,Consulting (Business & Management)
"Kantor Konsultan Pajak Suyitno, Muhaimin, dan Rekan",Others
KANTOR KONSULTAN PAJAK TONI ARIS DAN REKAN,Consulting (Business & Management)
"Kantor Konsultan Pajak Warnoyo, SE, AK, Msi",Banking/Financial Services
KANTOR NOTARIS & PPAT ARIE SOESANTO S.H,Others
Kantor Notaris & PPAT Buntario Tigris Darmawang,Law/Legal
"Kantor Notaris & PPAT Dini Lastari Siburian, SH",Law/Legal
Kantor Notaris & PPAT Felicia,Law/Legal
KANTOR NOTARIS & PPAT JH,Law/Legal
"Kantor Notaris & PPAT M.Kholid Artha,SH",Law/Legal
Kantor Notaris & PPAT Magdawati Hadisuwito,Law / Legal
Kantor Notaris & PPAT Nathalia Alvina Jinata,Law/Legal
"Kantor Notaris & PPAT Peniwati Hadi Soekamto, S.H.",Law/Legal
"KANTOR NOTARIS & PPAT SRI WAHYU JATMIKO, SH, MH",Law/Legal
Kantor Notaris & PPAT Sri Wahyu Jatmikowati,Law / Legal
"KANTOR NOTARIS & PPAT SULISTYANINGSIH, SH",Law/Legal
Kantor Notaris & PPAT Yohanes Wilion,Law/Legal
kantor notaris & ppat yonatan,Others
Kantor Notaris dan PPAT,Law/Legal
"Kantor Notaris dan PPAT Dewi Himijati Tandika, S.H",Consulting (Business & Management)
Kantor Notaris Deli Serdang,Others
Kantor Notaris Dwie Ponny Sulistiyan,Law / Legal
Kantor Notaris Esther Mercia Sulaiman SH,Law/Legal
"Kantor Notaris Esther Setiawati Santoso, S.H",Law / Legal
"Kantor Notaris Eva Purwanty, SE, SH, MKn",Law/Legal
Kantor Notaris Franz Astani,Law / Legal
Kantor Notaris Gunawan Kartikahadi,Law / Legal
Kantor Notaris IDP,Law/Legal
"KANTOR NOTARIS INGE RUBIATI WARDANA, SH",Law / Legal
Kantor Notaris Irwan Utama Hidayat,Law/Legal
KANTOR NOTARIS IVAN,Consulting (Business & Management)
Kantor notaris Jakarta selatan,Others
"Kantor Notaris Jeffry Kurnianto Setiawan SH., MKn",Law/Legal
Kantor Notaris Koemalasari,Law/Legal
Kantor Notaris Mala Mukti,Law/Legal
"Kantor Notaris Melinda Amelinda Simanjuntak, S.H., M.Kn",Consulting (Business & Management)
"Kantor Notaris Michael, S.H., S.T., M.Kn.",Law / Legal
"Kantor Notaris MINA NG SH.,M.Kn",Law/Legal
"Kantor Notaris Mira Ayu Raditya SH., MKn",Others
"Kantor Notaris Muhammad Iqbal, SH, M.Kn",Law / Legal
"KANTOR NOTARIS MUHAMMAD IQBAL, SH, MKN",Others
"Kantor Notaris Najib Zakin,S.H.,M.Kn.",Law/Legal
"Kantor Notaris PPAT Dwi Widya Oktayuda, S.H., M.Kn",Law/Legal
Kantor Notaris Puspasari Dewi,Law/Legal
kantor notaris shepta,Others
Kantor Notaris Yuliani J. Sugiharto,Others
"Kantor NOTARIS&PPAT Buntario Tigris, SH, SE, MH",Others
"Kantor Notaris/ PPAT Fessy Farizqoh Alwi S.H, M.Kn Notaris",Law/Legal
Kantor Pengacara Haryo Wibowo & Partners,Law/Legal
Kanuta Web Desain,Computer/Information Technology (Software)
Kanvasilmu,Education
Kanwil BPN Bangka Belitung,Others
Kanwil Karya Tehnik,Manufacturing / Production
Kaori Magazine,Entertainment / Media
Kaos Digital,Textiles/Garment
kaos kaki bandung,Retail/Merchandise
Kaos Polos Mania,Apparel
Kaoskubagus Konveksi,Apparel
KAP Abdul Aziz,Consulting (Business & Management)
KAP AIDIL OSCAR FITRANANTA,Accounting/Audit/Tax Services
KAP Anwar & Rekan,Accounting/Audit/Tax Services
KAP Bambang Sutjipto Ngumar & Rekan,Accounting/Audit/Tax Services
"KAP Benny, Tony, Frans & Daniel",Accounting / Audit / Tax Services
KAP Chandra,Consulting (Business & Management)
KAP Darmawan Hendang Kaslim & Rekan,Accounting/Audit/Tax Services
"KAP Djoko, Sidik & Indra",Accounting/Audit/Tax Services
"KAP Doli, Bambang, Sudarmadji & Dadang",Law / Legal
"KAP Doli, Bambang, Sulistiyanto, Dadang & Ali (KAP DBSD&A)",Law/Legal
KAP Drs Haryo Tienmar,Accounting/Audit/Tax Services
KAP Drs IRWANTO,Law/Legal
KAP Drs Irwanto,Consulting (Business & Management)
KAP DRS Joseph Susilo,Accounting / Audit / Tax Services
"KAP Drs Thomas, Blasius, Widartoyo & Rekan",Consulting (Business & Management)
KAP Drs. Sahat MT,Consulting (Business & Management)
KAP Ekamasni Bustaman & Rekan,Consulting (Business & Management)
KAP Ellya Noorlisyati & Rekan,Accounting / Audit / Tax Services
KAP EUNEKE WINARJO,Accounting/Audit/Tax Services
KAP Fredy,Consulting (Business & Management)
"KAP Gatot Permadi, Azwir & Abimail",Accounting/Audit/Tax Services
KAP Gideon Adi & Rekan,Accounting/Audit/Tax Services
KAP Hadibroto & Rekan,Law/Legal
KAP Hananta Budianto & Rekan,Consulting (Business & Management)
KAP Hananta Budianto dan Rekan,Accounting/Audit/Tax Services
"KAP Hary Suganda SE,Ak",Accounting/Audit/Tax Services
Kap Haryono Junianto & Saptoa,Consulting (Business & Management)
KAP Hendrawinata Eddy & Siddharta,Accounting / Audit / Tax Services
KAP Hendrawinata Hanny Erwin & Sumargo,Accounting/Audit/Tax Services
"KAP Hendrawinata, Hanny, Erwin & Sumargo",Accounting/Audit/Tax Services
KAP Herman Dody Tanumihardja & Rekan,Law/Legal
"KAP Hertanto, Sidik & Rekan",Law / Legal
"KAP Husni, Mucharam & Rasidi",Accounting / Audit / Tax Services
KAP Jimmy Budhi & Rekan,Accounting / Audit / Tax Services
KAP Johannes Juara & Rekan,Accounting/Audit/Tax Services
"KAP Kanaka Puradiredja, Suhartono",Accounting/Audit/Tax Services
"KAP Kanto, Tony, Frans & Darmawan",Consulting (Business & Management)
"KAP Kosasih, Nurdiyaman, Mulyadi, Tjahjo & Rekan (Crowe Horwath International)",Accounting/Audit/Tax Services
KAP Kumalahadi Kuncara Sugeng Pamudji Dan Rekan,Accounting/Audit/Tax Services
"KAP Ladiman, Novita & Rekan",Law/Legal
"KAP Leonard, Mulia & Richard",Accounting / Audit / Tax Services
KAP Lucky Kartanto,Accounting/Audit/Tax Services
KAP MORHAN & REKAN (Experienced Candidates),Accounting/Audit/Tax Services
KAP Morhan dan Rekan,Accounting/Audit/Tax Services
"KAP PAUL HADIWINATA, HIDAJAT, ARSONO, RETNO, PALILINGAN & REKAN",Accounting/Audit/Tax Services
KAP Rama Wendra,Law/Legal
KAP Rama Wendra & Rekan,Accounting/Audit/Tax Services
KAP Razikun Tarkosunaryo,Consulting (Business & Management)
"KAP Riza, Wahono & Rekan",Accounting / Audit / Tax Services
"KAP S. Mannan, Ardiansyah & Rekan",Accounting/Audit/Tax Services
KAP Sandra Kristani,Others
KAP Sriyadi Elly Sugeng & Rekan,Accounting/Audit/Tax Services
KAP Subagyo & Luthfi,Accounting/Audit/Tax Services
KAP Teguh Sentosa,Accounting / Audit / Tax Services
"KAP Teramihardja, Pradhono & Chandra",Consulting (Business & Management)
"KAP Teramihardja, Pradhono & Chandra Surabaya",Accounting / Audit / Tax Services
KAP Tjahjadi & Tamara,Accounting/Audit/Tax Services
KAP TJAHJADI & TAMARA - JAKARTA,Accounting/Audit/Tax Services
KAP Ventje Jansen & Royke,Accounting / Audit / Tax Services
"KAP. Drs. Selamat,AK CPA",Accounting/Audit/Tax Services
KAP. HANANTA BUDIANTO & REKAN,Accounting/Audit/Tax Services
KapanLagi Youniverse,Entertainment/Media
Kaplan Edupac,Education
KAPSAK,Others
Kapten Steak Restoran,Food & Beverage / Catering / Restaurant
Kapua Indo Abadi,General & Wholesale Trading
Kapuas Dharma Hotel,Hotel / Hospitality
Kaputra Hotel,Hotel / Hospitality
Karadenta Clinic,Grooming/Beauty/Fitness
Kararu,Sports
KARASA GRUP,Others
Kardo,Others
KARgloss Cafe,Food & Beverage / Catering / Restaurant
Karin,Others
Karir Milenial,Others
Karma Kandara Resort,Hotel / Hospitality
Karsa Makmur Sejahtera,Mining
Karthi,Others
Kartika Accesories,Retail / Merchandise
Kartika Rasa,Food & Beverage/Catering/Restaurant
Kartiko Jajan Pasar,Food & Beverage/Catering/Restaurant
Kartu Tunai,Others
KARTUN KARYA DINAMIKA,Arts/Design/Fashion
Karunia Bersama Lucky,Education
Karunia Karya Indah,Others
Karunia Textile Group,Manufacturing / Production
Karwang,Others
Karya Abadi,Manufacturing/Production
Karya Aban (Bali),Repair & Maintenance Services
Karya Agung,Retail / Merchandise
KARYA BAHANA BERLIAN,General & Wholesale Trading
Karya Bersama Sejahtera,Retail/Merchandise
Karya Cemerlang Tour And Travel (+6285261508969),Others
Karya Cipta Utama (Surabaya),Retail / Merchandise
Karya Indah Bali,Retail / Merchandise
Karya Mahacipta PT,Accounting/Audit/Tax Services
Karya Mandiri,Manufacturing/Production
Karya Photo,Arts / Design / Fashion
Karya Satria Advertising,Advertising / Marketing / Promotion / PR
Karya Sedasa Inti Persada,Architectural Services/Interior Designing
Karya Tehnik Group,Transportation/Logistics
Karya Unggul Duta Bangsa,Computer/Information Technology (Software)
Karya Utama Steel,Manufacturing/Production
Karya Utama Surabaya,Others
Karya Wala Upasama,Others
"Karyamitra Budisentosa,PT",Retail/Merchandise
KAS Farma,Healthcare / Medical
Kasih Ibu Hospital Kedonganan,Healthcare / Medical
Kasir,Others
Kata.ai,Advertising/Marketing/Promotion/PR
Katamama Hotel,Hotel/Hospitality
"Katayama Chemical, Inc.",Chemical / Fertilizers / Pesticides
Katchi Group Sdn Bhd,Advertising / Marketing / Promotion / PR
Katingan Timber Group,Wood/Fibre/Paper
Katsura Restaurant,Food & Beverage / Catering / Restaurant
Kawan Baru Group,Food & Beverage / Catering / Restaurant
Kawan Kurnia Tour And Travel,Travel / Tourism
Kawasan Industri & Pergudangan SiRIE (Sidoarjo Rangkah Industrial Estate),Property/Real Estate
"Kawasan Industri Gresik, PT",Property/Real Estate
Kawata Pacific PTE LTD,Polymer/Plastic/Rubber/Tyres
Kawung (Warung Kopi Tubruk),Food & Beverage/Catering/Restaurant
Kay Collection,Grooming/Beauty/Fitness
Kayajaya Advertaising,Advertising / Marketing / Promotion / PR
Kayajiwa,Others
Kayana Akses Cetakindo,Printing / Publishing
Kayross Consulting,Consulting (Business & Management)
Kayu Arum Resort,Hotel / Hospitality
KAYU BAKAR BERAWA,Food & Beverage/Catering/Restaurant
Kayu Prima Jaya,Architectural Services/Interior Designing
Kayumanis Jimbaran Private Estate& Spa(PT Bali Dhana Dhipa),Hotel/Hospitality
Kayumas Jaya Group,Others
Kayun restaurant,Food & Beverage / Catering / Restaurant
Kaze Interactive,Arts/Design/Fashion
KB/TK KARTIKA,Education
KBH Investigasi,Law / Legal
KBP Logistic,Others
KBT Group,Textiles/Garment
KC English - Speak Up Center,Education
KC English Speak Up Center,Education
KCM Group,Others
KD holiday,Food & Beverage/Catering/Restaurant
KDeCo,Architectural Services/Interior Designing
KDIGITECH,Computer/Information Technology (Software)
KDS Cantonese Restaurant,Food & Beverage / Catering / Restaurant
KDW Consulting,Accounting / Audit / Tax Services
Kebab Kings Indonesia,Food & Beverage / Catering / Restaurant
Kebab Kings Indonesia,Food & Beverage/Catering/Restaurant
Kebon Pring Restaurant,Food & Beverage / Catering / Restaurant
KEBTechnology,Computer/Information Technology (Software)
Kedai 27 Balikpapan,Others
Kedai 899,Food & Beverage/Catering/Restaurant
Kedai Cobek,Food & Beverage/Catering/Restaurant
Kedai Digital,Printing / Publishing
Kedai Digital (Denpasar),Printing / Publishing
Kedai Enak Resto,Food & Beverage / Catering / Restaurant
Kedai Erfoods,Food & Beverage/Catering/Restaurant
Kedai Karir Consultant,Consulting (Business & Management)
Kedai Karir Konsultan (Yogyakarta),Human Resources Management/Consulting
Kedai Kokoho,Food & Beverage/Catering/Restaurant
Kedai Kopi Espresso Bar,Food & Beverage / Catering / Restaurant
Kedai Kopi Espresso Bar Surabaya,Food & Beverage / Catering / Restaurant
Kedai Kopi Quantung,Food & Beverage/Catering/Restaurant
Kedai Mang Obeth,Retail/Merchandise
Kedai Nongkrong's,Food & Beverage / Catering / Restaurant
Kedai Qu Enggal,Food & Beverage / Catering / Restaurant
kedai radjawali,Food & Beverage/Catering/Restaurant
Kedai Rakyat(Bali),Food & Beverage / Catering / Restaurant
Kedai Temu,General & Wholesale Trading
Kedai Tiara 2,Food & Beverage / Catering / Restaurant
Kedai Yum-Yummy,Food & Beverage/Catering/Restaurant
Kedutaan Besar Kanada,Government / Defence
KEE INDONESIA,General & Wholesale Trading
Keipaw,Others
KEITI (IKECC),Environment/Health/Safety
Kejora Ventures,Computer/Information Technology (Software)
Kekayuan Furniture,Retail/Merchandise
KelasCinta.com,Entertainment/Media
Keller Williams Realty,Property/Real Estate
Keller Williams Realty,Property/Real Estate
Kelompok Agromedia,Printing/Publishing
Kelompok Belajar Speed (KBS) Gemolong,Education
Kelompok Media Peluang (PT Pranata Inti Media),Advertising / Marketing / Promotion / PR
Keluarga Group,Food & Beverage / Catering / Restaurant
Kemang Confi Dental Care,Healthcare/Medical
Kemangi Food Distribusindo,Consumer Products / FMCG
Kemangi Terrace,Food & Beverage / Catering / Restaurant
Kemasindo Cepat Nusantara (Bandung Branch),Transportation / Logistics
KEMENANGAN ELECTRIC,Electrical & Electronics
Kemenangan Printing,Accounting/Audit/Tax Services
Kementerian Luar Negeri,Government/Defence
Kementerian PPN/ Bappenas Direktorat Hukum dan Regulasi,Government/Defence
Kemilau Harapan Prima (Sragen),Textiles/Garment
Kemilau Terang Abadi,Consumer Products/FMCG
Kemping Tepi Danau,Hotel/Hospitality
Ken Farma Apotik,Healthcare / Medical
Ken Karada,Others
Kencana Agri Ltd,Agricultural/Plantation/Poultry/Fisheries
KENCANA GROUP,Retail/Merchandise
Kencana Group ( Medan ),Agricultural/Plantation/Poultry/Fisheries
kencana indah,Others
Kencana Market (Timika),Retail / Merchandise
Kencana Photo,General & Wholesale Trading
Kencana Tour,Travel/Tourism
Kendall Court,Banking/Financial Services
Kendelite Creative (Jakarta),Arts/Design/Fashion
Kendi Jaya,Others
KENES Bakery & Resto,Food & Beverage/Catering/Restaurant
KENIKURA TOUR & TRAVEL,Travel/Tourism
KENJI Martial Arts Shop,Grooming/Beauty/Fitness
KENKEN,Others
Kenmode Grosir,Retail/Merchandise
Kennedy Muslim,"Consulting (IT, Science, Engineering & Technical)"
KENSI Metal Works,Manufacturing/Production
KepiQ Design & Print,Printing / Publishing
Kepo Kitchen,Food & Beverage / Catering / Restaurant
KepoGaul.com,Entertainment/Media
Keppel Land,Property/Real Estate
Keramik Mulia,Construction/Building/Engineering
KERATON AT THE PLAZA,Hotel / Hospitality
Keraton Day Spa,Grooming / Beauty / Fitness
Kerjabilitas.com,Non-Profit Organisation/Social Services/NGO
Kerjasama Operasi (KSO) Sarana - Totalindo,Property/Real Estate
Kertajaya Grafika,Printing/Publishing
kesamben breeder farm,Others
Ketapang Indah Hotel,Hotel/Hospitality
Ketemu Project,Non-Profit Organisation/Social Services/NGO
Ketupat Restaurant & Villa,Food & Beverage / Catering / Restaurant
Kevin Music Studio,Entertainment / Media
Kevins,Others
Key Solution,"Consulting (IT, Science, Engineering & Technical)"
KeYa Bridal & Boutique,Grooming/Beauty/Fitness
KFC landscape,Others
KG International,General & Wholesale Trading
KGP Law Firm,Law/Legal
KGP Law Offices,Others
Khaila Oemah Lulur,Hotel / Hospitality
Kharisma Aesthetic Clinic,Others
Kharisma Agung Lestaru,"Consulting (IT, Science, Engineering & Technical)"
Kharisma Bangsa School,Education
Kharisma Property,Property/Real Estate
Kharisma Salon,Grooming / Beauty / Fitness
Kharisma Sejahtera (Bali),Automobile / Automotive Ancillary / Vehicle
Kharisma Stationary,Retail/Merchandise
Khasana Muslim Alfath,Retail / Merchandise
Khayangan Montessori School,Education
Khayangan Residence Bangkalan,Property / Real Estate
Khayangan-Premium Reflexology & Relaxation,BioTechnology/Pharmaceutical/Clinical research
Khiri Travel,Travel/Tourism
Kho'S Service,Electrical & Electronics
Khoirul Nadziroh,Others
Khrisna Bali Tour Transport Service,Travel / Tourism
Khuce and Kaffee,Food & Beverage / Catering / Restaurant
khudhori,Others
KIA Rent Car (Medan),Automobile / Automotive Ancillary / Vehicle
Kibarer Development,Property / Real Estate
KID ABA (Klinik Intervensi Dini Applied Behavior Analysis),Healthcare / Medical
Kiddie Club Preschool & Kindergarten,Education
Kiddie Kampus Pre-school,Education
Kiddie Land Montessori Kindergarten,Education
Kiddie Planet,Education
KiddieCare Centre,Education
Kiddles (Kids Learning Chinese),Education
Kiddo Course,Education
Kiddoz Learning Centre,Education
Kiddoz Learning Centre Indonesia,Education
Kidea Harapan Indah Preschool & Kindergarten,Education
Kidea Preschool & Kindergarten (Gading Serpong),Education
KIDEA Preschool & Kindergarten (Kebayoran),Education
Kidea PreSchool & Kindergarten (Menteng),Education
KIDEA Preschool & Kindergarten (Vila Nusa Indah),Education
Kidea Preschool and Kindergarten Makassar,Education
Kidea Preschool BSD,Others
Kidea School & Kindegarten (Citra Garden),Education
Kidea School & Kindegarten (Duren Sawit),Education
Kidea School & Kindegarten (Kelapa Gading),Education
Kidea School & Kindegarten (Podomoro City),Education
Kidea School & Kindegarten (Sunter),Education
Kids Education Center,Education
Kids Emporium,Retail/Merchandise
Kids University,Education
Kids World,Education
Kids2 Success - English Bintaro Jaya,Education
KidsCampus,Education
Kidscenter Studio,Education
Kidsmedia,General & Wholesale Trading
Kidz Castle Preschool & Kindergarten,Education
Kidz World,Retail/Merchandise
KidzArt,Education
Kidzart Kelapa Gading,Education
KIE KIE SALON LIPPO PLAZA,Grooming/Beauty/Fitness
Kiita Tour (Kiita Internusa Tour & Travel),Travel / Tourism
KIKO (Yogyakarta),Food & Beverage/Catering/Restaurant
Kiko Engineering Consultant,Consulting (Business & Management)
Kilala Spa,BioTechnology / Pharmaceutical / Clinical research
Killiney Kopitiam,Food & Beverage / Catering / Restaurant
Kilo Laundry,Others
KIM Marketing,Others
Kima Bajo Resort & Spa,Hotel / Hospitality
Kimberly's English Phonics Center,Education
Kimchi-Go Korean Restaurant,Food & Beverage / Catering / Restaurant
Kimkom,Retail / Merchandise
KIMOCHI JAPANESE MASSAGE,Others
Kimochi Sun,Others
KIMSO INDONESIA,Others
Kimura Kitchen,Food & Beverage/Catering/Restaurant
KIN LONG,Manufacturing/Production
Kinasih Resort Depok,Hotel/Hospitality
KIND Media Culture,Others
Kinderfield Preschool Tebet,Education
Kinderfield School,Education
Kinderfield School (Simprug),Education
Kinderfield School (Sunter),Education
Kinderfield School Depok,Education
Kinderfield Sudirman Park,Education
Kinderfun Preschool,Education
Kinderland Preschool Surabaya,Education
Kinderstation (Yogyakarta),Education
Kinderworld Montessori Preschool,Education
Kindred Teacher Recruitment,Human Resources Management/Consulting
Kinds Villa Bintang Resort,Hotel / Hospitality
KindyROO Indonesia,Education
Kinetica,"Consulting (IT, Science, Engineering & Technical)"
Kinetik Indonesia,Manufacturing / Production
KING Auto Interior Jogja,Automobile / Automotive Ancillary / Vehicle
King Bedsheet,Textiles/Garment
King Cell Solo,Telecommunication
King Cellular,General & Wholesale Trading
King Cross Hotel,Hotel/Hospitality
KING FOTO GROUP,Arts/Design/Fashion
King Hugh bosom,Others
King Sejong Institute Foundation,Education
King Sejong Institute Surabaya,Education
King Shield,Automobile/Automotive Ancillary/Vehicle
King's Fun,Entertainment / Media
KING'S Group of Education,Education
King's Hotel Batam,Hotel / Hospitality
KINGDOM AGENCY,Others
kingdom institute,Others
Kingston School Medan,Education
Kingston U-PVC,General & Wholesale Trading
Kingtama Indonesia,Automobile / Automotive Ancillary / Vehicle
KINI Capsule,General & Wholesale Trading
Kini Mandiri Sentosa,Manufacturing / Production
Kinidea Art & Design Studio,Arts / Design / Fashion
Kinnara Digital Studio,Computer/Information Technology (Software)
Kinobi Indah Farma,Others
Kios Software,Computer / Information Technology (Software)
Kios Undangan,Arts / Design / Fashion
KIOSBAN,Retail/Merchandise
Kirana Group,Travel / Tourism
Kirby South East Asia Company Limited,Construction/Building/Engineering
Kirei rental mobil,Others
Kireina Group,General & Wholesale Trading
KIRIMKIRIM,Retail / Merchandise
Kisel (Koperasi Telekomunikasi Selular),Telecommunication
KISEL (Koperasi Telkomsel) Jateng&DIY,Telecommunication
KISEL Cabang Solo,Others
Kistex Textile,Retail / Merchandise
KITA Group,Consumer Products/FMCG
Kita Indonesia (yogyakarta),Computer / Information Technology (Software)
Kita Satu Bali,Advertising/Marketing/Promotion/PR
Kita Steamboat & Yakiniku,Food & Beverage/Catering/Restaurant
Kitchen House,Retail/Merchandise
Kitchenware Indonesia,Retail/Merchandise
Kito Home Gallery,Manufacturing / Production
Kitta Roti dan Kue,Food & Beverage / Catering / Restaurant
Kitz Corporation of Asia Pacific Pte. Ltd.,Heavy Industrial/Machinery/Equipment
KIVEE,Apparel
KJA Nadira Ekamasni & Rekan,Accounting/Audit/Tax Services
KJA SK&CO,Consulting (Business & Management)
KJKS Baituttamwil TAMZIS,Banking / Financial Services
KJKS Bina Insan Mandiri,Banking/Financial Services
KJKS Binama,Banking/Financial Services
KJKS BINAMA Cabang Magelang,Banking / Financial Services
KJKS BMT AL-FALAH,Banking / Financial Services
KJKS BMT Bina Ummat Sejahtera Lasem,Banking / Financial Services
KJKS BMT JOGJA AL-KAUTSAR,Banking/Financial Services
KJKS BMT Tumang,Banking / Financial Services
KJKS Tenov Bhakti Nusantara,Construction / Building / Engineering
"KJPP - Rengganis, Hamid & Rekan (RHP)",Consulting (Business & Management)
KJPP Aditya Iskandar,Property / Real Estate
KJPP Agus Firdaus Dan Rekan,"Consulting (IT, Science, Engineering & Technical)"
"KJPP Agus, Firdaus & Rekan",Human Resources Management/Consulting
KJPP Amin Nirwan Alfiantori & Rekan Makassar,Property/Real Estate
"KJPP Andang Kosasih, Maman Firmasnyah, Agus Prihatanto",Law / Legal
KJPP Antonius Setiady & Rekan [KJPP ASR],Law/Legal
KJPP Ayon Suherman & Rekan,Consulting (Business & Management)
KJPP Benedictus Darmapuspita dan Rekan (Surabaya),Property/Real Estate
"KJPP Benny, Desmar & Rekan",Consulting (Business & Management)
KJPP Billy Anthony Lie & Rekan,Property/Real Estate
KJPP Doli Siregar & Rekan,Consulting (Business & Management)
KJPP Doli Siregar dan Rekan,Property/Real Estate
KJPP Firman Suryantoro Sugeng Suzy Hartomo & Rekan,Consulting (Business & Management)
"KJPP Firman, Suryantoro, Sugeng, Suzy, Hartomo dan Rekan (Surabaya)",Property/Real Estate
"KJPP HAMIDI, ARIES, SUDARMANTO, & REKAN",Others
"KJPP Herly, Ariawan & Rekan",Consulting (Business & Management)
KJPP Herman Meirizki dan Rekan,Others
KJPP Ihot Dollar & Raymond,Consulting (Business & Management)
KJPP Karmanto & Rekan,Consulting (Business & Management)
"KJPP LATIEF, HANIF DAN REKAN","Consulting (IT, Science, Engineering & Technical)"
KJPP Muttaqin Bambang Purwanto Rozak Uswatun & Rekan,Consulting (Business & Management)
KJPP Panangian Simanungkalit Dan Rekan,Law / Legal
KJPP Rizki Djunaedy dan Rekan,Banking / Financial Services
KJPP Rn Adnan,Property / Real Estate
KJPP Ruky Safrudin & Rekan,Accounting/Audit/Tax Services
"KJPP Ruky, Safrudin dan Rekan (Mampang)",Law/Legal
"KJPP Sarwono, Indrastuti & Rekan",Law/Legal
KJPP Satria Iskandar Setiawan & Rekan,Law/Legal
KJPP Surabaya,Others
KJPP TOHA,Accounting / Audit / Tax Services
KJPP Toto Suharto & Rekan,Law / Legal
KJW Consulting,Accounting/Audit/Tax Services
KKB Ikopin,Banking / Financial Services
KKP Benny Gunawan,Accounting/Audit/Tax Services
KKP Eka Sugarba & Rekan,Consulting (Business & Management)
KKP Erwin Setiady,Accounting/Audit/Tax Services
KKP Hari S,Others
"KKP Karjoyono SE, SH. & Partner",Computer/Information Technology (Software)
KKP Linda & Leny,Accounting/Audit/Tax Services
KKP M Isa Ashari,Consulting (Business & Management)
KKP Raymond Hadisubrata,Law/Legal
Klamby,Arts/Design/Fashion
Klapa Resort,Hotel/Hospitality
Klass Furnishings,Architectural Services/Interior Designing
Klaud9,Others
KLAZ Auto Mobil,Consumer Products/FMCG
Klea Skincare,Healthcare/Medical
Klean Rite,Retail / Merchandise
kleencare surabaya,Others
KLES Inc,Heavy Industrial/Machinery/Equipment
Klick Express,Printing/Publishing
Klick Laser,Printing/Publishing
Klick Printing,Printing/Publishing
kliklaser,Retail / Merchandise
klikMCC.com,Retail / Merchandise
Kliknbook.com,Travel/Tourism
KliknClean - On-demand cleaning service,Hotel/Hospitality
kliknklik Bandung,Retail/Merchandise
kliknklik Bekasi,Retail / Merchandise
Kliknklik Depok,Retail / Merchandise
Kliknklik Yogyakarta,Retail / Merchandise
Klikpulsa,Retail / Merchandise
Klinik & Laboratorium Patologi Anatomi Satmoko,Healthcare/Medical
Klinik & RB Mustika Medika,Chemical / Fertilizers / Pesticides
Klinik Afiah,Healthcare/Medical
Klinik Akuntansi,"Consulting (IT, Science, Engineering & Technical)"
Klinik Akuntansi Pekanbaru,Others
Klinik Akupunktur Dr.Iwan Santosa,Healthcare/Medical
Klinik Amanah,Manufacturing / Production
Klinik Anakku,Architectural Services / Interior Designing
Klinik Anargya,Healthcare / Medical
Klinik Annisa,Healthcare/Medical
Klinik Arthasari,Hotel/Hospitality
Klinik Asma & Alergi DR INDRAJANA,Healthcare/Medical
Klinik Banjar Medika,Advertising/Marketing/Promotion/PR
Klinik Banyuwangi Sehat,Healthcare / Medical
Klinik Bhudi Pratama,Healthcare / Medical
Klinik Cipta Medika,Healthcare / Medical
Klinik Citra Gading Medika,Healthcare / Medical
Klinik dan Apotek Tata Sehat,Healthcare/Medical
Klinik Dharma Asih Medika,Others
Klinik Dharma Mulia,Healthcare/Medical
Klinik Dokter Trisno B,Healthcare / Medical
Klinik Dr Damiyanti & Associates,Healthcare / Medical
Klinik Dr. Kartono,Healthcare/Medical
Klinik Eleora Skin Care & Spa,Grooming / Beauty / Fitness
KLINIK EMPAT DARA SEHAT,Others
Klinik Ernes,Healthcare/Medical
Klinik Estetika Semarang,BioTechnology/Pharmaceutical/Clinical research
Klinik Esthedica,Healthcare/Medical
klinik gigi,Others
Klinik Gigi Bhakti Borneo,Healthcare / Medical
Klinik Gigi D-Arts,Healthcare / Medical
Klinik Gigi Spesialistik Denta Medika,Healthcare / Medical
Klinik Glafidsya Medika,Healthcare/Medical
Klinik Gracia Patricia,Healthcare/Medical
KLINIK GRAHA MITRA SEJAHTERA,Healthcare/Medical
Klinik Hewan Cege,Retail/Merchandise
Klinik Iis Medika,Accounting/Audit/Tax Services
Klinik Insan Prima,BioTechnology/Pharmaceutical/Clinical research
Klinik Intervensi Dini,Healthcare/Medical
Klinik JMB,Grooming/Beauty/Fitness
Klinik Kasih,Healthcare / Medical
Klinik KCM (Kharisma Citra Medika),Healthcare / Medical
Klinik Kecantikan Dr Estie,Healthcare/Medical
Klinik Kecantikan GH Estetika (Malang),Grooming/Beauty/Fitness
Klinik Kecantikan Keela,Healthcare/Medical
Klinik Kecantikan Kusuma Beauty Lab,Healthcare / Medical
Klinik Kecantikan Metamorf Batu - Malang,Healthcare/Medical
Klinik Kesehatan Kecantikan Cure Health and Beauty,Grooming / Beauty / Fitness
Klinik Kosasih (Lampung),Healthcare / Medical
Klinik Laras Langsing,Grooming/Beauty/Fitness
Klinik Legenda Medika,Healthcare / Medical
Klinik Lelaki,Healthcare/Medical
Klinik Maria Syailendra,Grooming / Beauty / Fitness
Klinik Mata Malang-Jawa Timur,Healthcare / Medical
Klinik Mata Orbita,Healthcare/Medical
Klinik Mata Papandayan,Healthcare / Medical
Klinik Medilab Batam,Healthcare / Medical
Klinik Medis Elisa,Hotel / Hospitality
Klinik Medis Joyoboyo Prima,Healthcare / Medical
Klinik Mediterania,Healthcare / Medical
Klinik Mitrakita,Healthcare / Medical
Klinik Nasyifa Medika,Healthcare/Medical
Klinik OILIA MEDICAL CENTRE  ( Yayasan Oilia ),Healthcare/Medical
Klinik pandawa,Healthcare/Medical
Klinik Paramedika,Others
Klinik Pelita Sehat,Healthcare / Medical
KLINIK PRATAMA AYODYA,Others
KLINIK PRATAMA RAWAT INAP KASIH BUNDA,Healthcare/Medical
Klinik Pratama Rawat Inap Kusuma Wardani,Healthcare / Medical
Klinik Pratama Tanjunglaya Medika,Healthcare/Medical
Klinik Pucang Anom Utama 30,Healthcare/Medical
KLINIK PUSPITA,General & Wholesale Trading
Klinik Ratnasari Sehat Group,Healthcare/Medical
Klinik Rumah Sunatan Cabang Medan,BioTechnology / Pharmaceutical / Clinical research
Klinik Sahabat Medika (Surabaya),Healthcare/Medical
Klinik Sakti Medika,Healthcare/Medical
Klinik Sapta Medika Mustika,Healthcare / Medical
Klinik Sinshe Phan,Healthcare/Medical
Klinik Spesialis Griya Medika Batam,Healthcare / Medical
Klinik Spesialis Rumah Sakit Sari Mulia Banjarmasin,Healthcare / Medical
KLINIK SYIFA KASIH MEDICAL CENTER,Healthcare/Medical
Klinik Takshing,BioTechnology/Pharmaceutical/Clinical research
Klinik Tlajung,Healthcare/Medical
Klinik Trinity Medika,Healthcare/Medical
Klinik UHC,BioTechnology/Pharmaceutical/Clinical research
Klinik Utama An Nur,BioTechnology / Pharmaceutical / Clinical research
KLINIK UTAMA ARDITA,Healthcare/Medical
Klinik Utama CMI,Healthcare/Medical
Klinik Utama Dharma Sidhi,Healthcare / Medical
Klinik Utama Mutiara Cikutra,Healthcare/Medical
Klinik Utama QUEEN,Healthcare/Medical
Klinik Via Medika,Healthcare / Medical
Klinik Wati,Others
Klinik Zamzam,Healthcare/Medical
Klinik&Apotik Selaras Serpong,BioTechnology / Pharmaceutical / Clinical research
Klook Travel,Travel/Tourism
KLOTS Home Furnishing (PT Prima Karya Cipta),Architectural Services/Interior Designing
Klub Kelapa Gading & The Spring Club,Hotel/Hospitality
KlubEvent Indonesia,Computer / Information Technology (Software)
kmi,Food & Beverage/Catering/Restaurant
KMK Online,Entertainment/Media
KMO PARIS,Gems/Jewellery
KMP SEP KEMAPI FIKP UNHAS,Others
KNIGHT FRANK,Property/Real Estate
KNS TOKO HERO,Automobile/Automotive Ancillary/Vehicle
KodeKiddo,Education
Koding Next,Education
Kofera Technology,"Consulting (IT, Science, Engineering & Technical)"
Koffiesoft Group,Computer/Information Technology (Software)
KogenMedia Jakarta,Advertising/Marketing/Promotion/PR
KOI365,Others
KOINON,Others
Kok Ice cream,Consumer Products / FMCG
KOKARMINDO (koperasi karyawan Media Group),Human Resources Management / Consulting
Koki Kita,Food & Beverage/Catering/Restaurant
Koko pramono,Others
kokomerlin,Others
Kolabo Mitra Indonesia,Computer/Information Technology (Software)
Kolabora Group,Grooming/Beauty/Fitness
Kolam Renang Paragon,Others
Kolega Coworking Indonesia,Consulting (Business & Management)
Kolektiv,Others
Kolon Global Corporation,Chemical/Fertilizers/Pesticides
Komaneka Resort,Hotel / Hospitality
KOMARA DECORATION,Others
Komisi Penanggulangan AIDS Nasional,Non-Profit Organisation / Social Services / NGO
KOMITE 3 BPH MIGAS,Oil/Gas/Petroleum
Komite Olahraga Nasional Indonesia (KONI DKI Jakarta),Non-Profit Organisation / Social Services / NGO
Kompas Gramedia Group Of Book Publishing,Printing / Publishing
Kompas Gramedia Group of Magazine,Journalism
Kompas Gramedia Group of Manufacture,Printing/Publishing
Komune Resorts Bali,Hotel / Hospitality
Komunitas Digital,Others
Komunitas Indonesia Demokrasi,Non-Profit Organisation / Social Services / NGO
Komunitas Organic Bekasi,Retail/Merchandise
KOMURI,"Consulting (IT, Science, Engineering & Technical)"
Kona Hawaii,Food & Beverage / Catering / Restaurant
Kongkalikong Dine & Coffee House,Food & Beverage/Catering/Restaurant
Kongkow Boek Bengkong,Food & Beverage / Catering / Restaurant
Kongkow Village,Food & Beverage/Catering/Restaurant
Konica Minolta Business Solutions Asia Pte. Ltd,Computer/Information Technology (Hardware)
Kono Kene,Food & Beverage/Catering/Restaurant
Konsentra Duta Semesta,Computer/Information Technology (Software)
Konsorsium SPBG Indonesia,Oil/Gas/Petroleum
konstruksi,Others
Konsulan Pajak Tan Alim,Accounting/Audit/Tax Services
Konsulat Jenderal Jepang (Surabaya),Government/Defence
konsultan arsitektur,Architectural Services/Interior Designing
Konsultan Harry,Consulting (Business & Management)
Konsultan Pajak Karim James Tan dan Rekan,Consulting (Business & Management)
Konsultan Pajak Ratna widjajanti,Accounting/Audit/Tax Services
Konsultan Pajak Tjandradajaja,Consulting (Business & Management)
Konsultan Pajak Tjandradjaja,Law/Legal
Konsultan Pajak Yayang Abram & Rekan,Accounting/Audit/Tax Services
KONSULTAN PERTANAHAN,Consulting (Business & Management)
Kontakperkasa Futures,Others
Kontiki Cafe Bali,Food & Beverage/Catering/Restaurant
Kontraktor Alat Berat,Others
KONTRAKTOR SWASTA,Others
konveksi,Others
KOOLVA,Computer/Information Technology (Software)
KOP Karya Persada,Banking/Financial Services
Kop Sejahtera Bersama (Kosama),Banking/Financial Services
KOP Serba Usaha Rizky Abadi,General & Wholesale Trading
Kop. Simpan Pinjam Central Artha Mandiri,Banking/Financial Services
KOP.TELKOMSEL,Banking/Financial Services
KOPBALPU,Retail/Merchandise
Kopegmar Tanjung Priok,General & Wholesale Trading
KOPELINDO 3,Others
Koperasi Abi,Others
Koperasi Agro Niaga Jaya Abadi Unggul (KAN Jabung),Agricultural/Plantation/Poultry/Fisheries
Koperasi Amartha Indonesia,Banking / Financial Services
KOPERASI ANUGERAH MANDIRI,Banking/Financial Services
Koperasi Anugrah Mega Mandiri,Banking/Financial Services
Koperasi ARSA,Banking / Financial Services
KOPERASI ARTHA CENTRAL ASIA,Banking/Financial Services
Koperasi Artha Guna Mandiri,Banking/Financial Services
Koperasi Artha Mulia,Banking/Financial Services
Koperasi Artha Sejati,Banking/Financial Services
Koperasi Asadana Semesta,Banking/Financial Services
Koperasi Astra International,Banking/Financial Services
Koperasi Bakti Utama Jawa Timur,Banking / Financial Services
Koperasi Bali Segara,Banking/Financial Services
Koperasi Bali Segara Kuta,Banking/Financial Services
Koperasi Berkah Dana,Banking / Financial Services
Koperasi Budi Mulya,Human Resources Management / Consulting
Koperasi Bukit Panorama,Oil / Gas / Petroleum
Koperasi Cahaya Pundi Lestari,Banking/Financial Services
Koperasi Cakra Dhana Werdhi,Banking / Financial Services
Koperasi Cipaganti,Transportation / Logistics
Koperasi Coca Cola Amatil Medan,Others
Koperasi Daya Listrik,Banking/Financial Services
Koperasi Federal International Finance2000,Insurance
Koperasi Griya Mawar Sejahtera,Banking/Financial Services
Koperasi Gunung Delta Mas Kepanjen,Banking / Financial Services
Koperasi Hasil Karya Bersama (FIP),Human Resources Management / Consulting
Koperasi Indonesia Tanah Airku,Banking/Financial Services
Koperasi ISI Surakarta,Others
Koperasi Jasa Keuangan Syariah Artha Sarana Barokah,Banking / Financial Services
Koperasi Jaya Mandiri,Banking/Financial Services
Koperasi Karya Maju Bersama,Banking / Financial Services
Koperasi Karyawan Air Timur Jakarta,Consulting (Business & Management)
Koperasi Karyawan Angkasa Pura Bandar Udara Juanda Surabaya,Aerospace / Aviation / Airline
Koperasi Karyawan Angkasa Pura I (Balikpapan),Transportation / Logistics
Koperasi Karyawan Bisnis Indonesia,Banking/Financial Services
Koperasi Karyawan BNI Syariah,Accounting/Audit/Tax Services
Koperasi Karyawan Citra Niaga,Others
Koperasi Karyawan Citra Niaga Solo,Banking / Financial Services
Koperasi Karyawan ECCINDO,General & Wholesale Trading
Koperasi Karyawan LAMINA,Banking/Financial Services
Koperasi Karyawan PT Aplikanusa Lintasarta,Telecommunication
Koperasi Karyawan PT Bank Mandiri,Banking/Financial Services
Koperasi Karyawan PT Tugu Reasuransi Indonesia,Insurance
Koperasi Karyawan Takaful,Insurance
Koperasi Kasih Indonesia,Banking/Financial Services
Koperasi kawan Mcdermott,Banking / Financial Services
KOPERASI KSP SURYA ARTHA,Banking/Financial Services
Koperasi Kuntum Kapital,Others
KOPERASI LiMa GARUDA,Banking / Financial Services
Koperasi Mahasiswa Institut Sains & Teknologi Akprind,Banking/Financial Services
Koperasi Mahasiswa Universitas Sbelas Maret Surakarta,Education
Koperasi Mahasiswa UNY,Retail/Merchandise
Koperasi Mandiri Artha Makmur,Banking/Financial Services
Koperasi Mandiri Binakarya,Accounting/Audit/Tax Services
kOPERASI MANUNGGAL MAKMUR SEJAHTERA,Others
Koperasi Metro Dana,Banking/Financial Services
Koperasi Mitra Dhuafa ( Head Office ),Banking / Financial Services
Koperasi Mitra Jaya Bersama,Accounting/Audit/Tax Services
Koperasi Mitra Usaha Trans,Transportation/Logistics
Koperasi Namastra,Banking/Financial Services
Koperasi Nasari Primer Nasional,Others
Koperasi Nusantara,Banking/Financial Services
Koperasi Nutrama,Banking/Financial Services
Koperasi Pedagang Pasar (Koppas) Tebet Barat,Others
Koperasi Pegawai Bank Indonesia (KOPEBI),Banking / Financial Services
Koperasi Pegawai ISI Surakarta,Non-Profit Organisation/Social Services/NGO
Koperasi Pegawai Pelabuhan Indonesia III,Banking/Financial Services
"Koperasi Pegawai PT. Indosat,Tbk (Kopindosat)",Human Resources Management/Consulting
Koperasi Pegawai RS Pusat Pertamina,Banking / Financial Services
Koperasi Pegawai Telkom Mediatron,Telecommunication
Koperasi Perbendaharaan Negara,Government / Defence
Koperasi Persada Madani (Bandung),Banking/Financial Services
Koperasi Phentra Makmur,Banking / Financial Services
KOPERASI PLTU ADIPALA (KOPALA),Library/Museum
Koperasi Prospera Signa,Banking / Financial Services
Koperasi Restu Utama Manukan,Banking / Financial Services
Koperasi Sehati Makmur Abadi,Banking/Financial Services
Koperasi Sejahtera Bersama,Banking/Financial Services
KOPERASI SEJAHTERA BERSAMA,Banking/Financial Services
Koperasi Sejahtera Bersama Cabang Bintaro,Banking/Financial Services
Koperasi Sejahtera Bersama Cabang Gombel 2 Semarang,Banking / Financial Services
Koperasi Semarak Dana (Semarang),Banking / Financial Services
Koperasi Semerbak Citra(Banjarsari),Insurance
Koperasi Sentra Dana (Jakarta),Banking/Financial Services
Koperasi Serambi Dana,Banking/Financial Services
Koperasi Serba Usaha Cerdas,Banking / Financial Services
Koperasi Serba Usaha Daya Guna Mandiri,Banking/Financial Services
Koperasi Serba Usaha Kertha Sedana Mertha,Banking / Financial Services
Koperasi Serba Usaha Pertiwi,Banking / Financial Services
Koperasi Serba Usaha Taruna Mandiri,Consumer Products / FMCG
Koperasi Serba Usaha Wahana Mitra Kencana,Banking/Financial Services
koperasi Setia Dana,Banking/Financial Services
Koperasi Simpan Pinjam Adiyatra Utama,Banking / Financial Services
Koperasi Simpan Pinjam Dwi Tunggal,Banking/Financial Services
Koperasi Simpan Pinjam Indosurya Cipta,Banking/Financial Services
Koperasi Simpan Pinjam Jasa Syariah,Banking / Financial Services
Koperasi Simpan Pinjam Mekarsari,Banking/Financial Services
Koperasi Simpan Pinjam Mekarsari Bogor,Banking/Financial Services
Koperasi Simpan Pinjam Mekarsari Cabang Pati,Banking/Financial Services
Koperasi Simpan Pinjam Mekarsari Cabang Semarang,Banking/Financial Services
Koperasi Simpan Pinjam Mekarsari Cabang Tegal,Banking/Financial Services
KOPERASI SIMPAN PINJAM MITRA MAJU MAKMUR,Banking/Financial Services
koperasi simpan pinjam palomak artha mas,Banking/Financial Services
Koperasi Simpan Pinjam Primadana,Banking/Financial Services
Koperasi Simpan Pinjam Sejahtera Bersama,Banking/Financial Services
Koperasi Simpan Pinjam Sejahtera Bersama (KSP-SB),Banking/Financial Services
Koperasi Simpan Pinjam Setia Kawan,Banking / Financial Services
Koperasi Simpan Pinjam Sukses Bersama,Banking/Financial Services
Koperasi Simpan Pinjam Syariah BMT PAS,Banking/Financial Services
Koperasi Telekomunikasi Seluler (Yogyakarta),Human Resources Management / Consulting
Koperasi Telkomsel,Telecommunication
Koperasi Telkomsel (KISEL) Cabang Samarinda,Human Resources Management/Consulting
Koperasi Trikarya Dana Sejahtera,Banking/Financial Services
Koperasi Tugu Arta Jawa Timur,General & Wholesale Trading
Koperasi Ummi,Banking / Financial Services
KOPERASI USPI,Others
Koperasi Wahana Mandiri Selaras,Banking/Financial Services
Koperasi Warga Semen Gresik (KWSG),General & Wholesale Trading
Kopertare Mitra Indonesia,Human Resources Management/Consulting
kopi bung besar,Others
KOPI ENDEUS,Food & Beverage/Catering/Restaurant
Kopi Kalyan,Food & Beverage/Catering/Restaurant
Kopi Pao,Food & Beverage/Catering/Restaurant
Kopi Progo,Construction/Building/Engineering
Kopi Sidikalang.com,Food & Beverage/Catering/Restaurant
Kopilot Khitchen & Coffee,Food & Beverage/Catering/Restaurant
KOPIMANA27,Food & Beverage/Catering/Restaurant
Kopingintau,Food & Beverage/Catering/Restaurant
Kopkar Coca - Cola Unit Bali,Banking / Financial Services
Kopmira Holiday Tour & Travel,Travel / Tourism
Koppasindo,Agricultural/Plantation/Poultry/Fisheries
KOPPEDI,Consulting (Business & Management)
Koral Home,Architectural Services/Interior Designing
Korea Desk-BKPM,Non-Profit Organisation/Social Services/NGO
Korea International Trade Association,Non-Profit Organisation/Social Services/NGO
"Korea Investment & Securities Co., Ltd.",Banking/Financial Services
Korea Motor,Others
Korea Resources Corporation,Mining
Korea South-East Power Co.LTD,Mining
Korea-Indonesia Industry & Technology Cooperation Center,Non-Profit Organisation / Social Services / NGO
Korean Air,Aerospace/Aviation/Airline
Korean Cuisine,Others
korean fast food MIM,Others
Korean Mission to ASEAN,Government/Defence
Korean28,Food & Beverage/Catering/Restaurant
Korin Cosmetics,Grooming / Beauty / Fitness
KORINDO GROUP,Agricultural/Plantation/Poultry/Fisheries
Koryu Nikko Indonesia,Retail/Merchandise
Koseeker,Others
Kosky Packaging Machine,Manufacturing / Production
KOSPIN SEKARTAMA,Banking/Financial Services
Kospin Sekartama Weleri,Banking / Financial Services
Kospin Sumber Rizki,Banking/Financial Services
KotakFoto,Retail/Merchandise
Kotakom,Computer / Information Technology (Hardware)
Kotamobagu Data Center,Others
KOTRA (Korea Trade-Investment Promotion Agency) Surabaya,Non-Profit Organisation / Social Services / NGO
Kowa Company ltd,General & Wholesale Trading
Kowok,Others
Kp sempu gardu rt 004/02 no.20,Others
KPA,Others
KPI Consultancy,Consulting (Business & Management)
KPM Cabang Klaten,Banking / Financial Services
KPMG Hadibroto,Consulting (Business & Management)
KPP Syaiful Basri,Others
KPP Technology Solution,Computer/Information Technology (Software)
KPPA Dropmysite Pte Ltd ( Dropsuite ),Computer/Information Technology (Software)
KPPA Mando Corporation,Automobile/Automotive Ancillary/Vehicle
KPPA Starborn Creations Inc,Manufacturing / Production
Kproject,Others
KPSG,Human Resources Management/Consulting
KPU (Komisi Pemilihan Umum),Government/Defence
Kraft Heinz ABC Indonesia,Consumer Products/FMCG
Krakatau Information,Others
Krakatau Poschem Dong-Suh Chemical,Manufacturing/Production
Kraton International LLC,Apparel
Kreasi Acrylic,Manufacturing/Production
Kreasi Rasa Budaya Nebula,Food & Beverage/Catering/Restaurant
Kreasi Selatan,Exhibitions/Event management/MICE
Kreasi Utama Pusaka,General & Wholesale Trading
Kreatebar,Food & Beverage/Catering/Restaurant
Kreatif Computer,Computer / Information Technology (Hardware)
Kredit Plus Jambi,Others
Kresna Life,Insurance
KRETA Kripik Tempe Indonesia,Food & Beverage/Catering/Restaurant
Kriptoku,Others
KRIS Sumber Berkat,Food & Beverage/Catering/Restaurant
Krisenko,Human Resources Management / Consulting
"KRISH Incorporation PTE, LTD",Textiles/Garment
Krisna Holding Company,Others
Krista Aulia Cakrawala,Human Resources Management/Consulting
Kristal Alumunium & Kaca,Construction / Building / Engineering
"Kristamedia Pratama,PT",Accounting/Audit/Tax Services
Kristel Tampubolon,Others
kristin maddalena munthe,Others
kristo,Others
Kriston Jaya,General & Wholesale Trading
Krya Desa,Agricultural/Plantation/Poultry/Fisheries
Krya Mantra,Others
KS. PARTNERSHIP,Construction/Building/Engineering
KSB (Experienced Candidates),Manufacturing/Production
KSB CONSULTANT (KANTOR KONSULTAN PAJAK),Accounting/Audit/Tax Services
kshop,Retail/Merchandise
KSO Ade Pede Realty Kopelland,Property/Real Estate
KSO BBM Perum Perindo,Agricultural/Plantation/Poultry/Fisheries
KSO HKR Bogorindo,Property/Real Estate
KSO JAYA KONSTRUKSI-ADHI,Construction/Building/Engineering
KSO Kedamaian Qreatorland (Jakarta),Property/Real Estate
KSO Merdeka Ronov Indonesia,Property/Real Estate
KSO PEP - Energy Tanjung Tiga,Mining
KSO PEP-PT Axis Sambidoyong Energi,Oil/Gas/Petroleum
KSO Pertamina EP - Petroenim Betun Selo,Oil / Gas / Petroleum
KSO PT Graha Cipta Suksestama - PT Niman Internusa,Property/Real Estate
KSO PT Pelaksana Jaya Mulia - PT Alam Jaya Perkasa,Property/Real Estate
KSO PT Pertamina EP - Gunung Kampung Minyak LTD,Oil/Gas/Petroleum
KSO PT Pertamina EP - PT Techwin Benakat Timur,Oil/Gas/Petroleum
KSO PT Pertamina EP-PT Aceh Timur Kawai Energi,Accounting/Audit/Tax Services
KSO PT Solomo Motor Nasional & PT Alam Jaya Perkasa,General & Wholesale Trading
KSO PT. Bakrieland Development - Perum Perumnas,Property/Real Estate
Kso Puri Cempaka,Property/Real Estate
KSO SMKCCB,Property/Real Estate
KSO Sucofindo-Surveyor Indonesia,"Consulting (IT, Science, Engineering & Technical)"
KSO Waskita Darmo Permai,Property / Real Estate
KSO Wika Gedung- Kahuripan Nirwana,Property/Real Estate
KSO Wika-Jakon,Construction/Building/Engineering
KSP Anugerah,Banking / Financial Services
KSP Artha Kencana Yogyakarta,Banking/Financial Services
KSP Artha Sentosa Sejahtera,Banking/Financial Services
KSP BANGUN MANDIRI,Others
KSP Berkah Bahari,Banking / Financial Services
KSP Borneo Mandiri,Banking / Financial Services
ksp cakradonya,Others
KSP Citra Mulia Abadi,Banking/Financial Services
KSP Damar Jawa Tengah,Banking / Financial Services
KSP Delta Wira Dhana,Banking/Financial Services
KSP Harapan Sejahtera,Banking/Financial Services
KSP Intidana Cabang Batang,Banking/Financial Services
KSP Intidana Cabang Godean,Banking / Financial Services
KSP Karya Pembangunan,Banking / Financial Services
KSP Mitra Mandiri,Banking / Financial Services
KSP Mulia Artha Solusi,Banking/Financial Services
KSP Muria Dana (Kudus),Banking / Financial Services
KSP Nasari,Banking/Financial Services
KSP Nasari (Medan),Banking / Financial Services
KSP Nasari (Tegal),Banking/Financial Services
KSP Nasari Cabang Surakarta,Banking / Financial Services
KSP NASARI GROUP,Others
KSP Nasari KC Banjarmasin,Banking / Financial Services
KSP Palomak Artha Mas,Others
KSP Palomak Artha Mas (Cikampek),Banking/Financial Services
KSP Pamardi Utomo,Banking / Financial Services
KSP PRIMA,Banking / Financial Services
KSP Primadana,Banking/Financial Services
KSP Rejo Agung Sukses,Banking/Financial Services
KSP Sahabat Mitra Sejati,Accounting/Audit/Tax Services
KSP Sentral Artha Sejahtera,Banking/Financial Services
KSP Serambi Dana,Banking/Financial Services
KSP Sumber Hidup Makmur,Banking/Financial Services
Ksp Usaha Mandiri,Manufacturing / Production
KSPPS Asy-Syirkah muamalah Indonesia,Banking/Financial Services
KSS Properti,Property/Real Estate
KSU Anugrah Kharisma Sejati,Banking / Financial Services
KSU Asta Karya Mandiri,Banking/Financial Services
KSU BMT Al Ikhwan,Banking / Financial Services
KSU BMT Aman Utama,Banking / Financial Services
KSU BMT Safinah (Klaten),Banking / Financial Services
KSU CIPTA (KOPERASI SERBA USAHA CEMARA INDAH PRATAMA),Banking/Financial Services
KSU Delta Group Malang,Banking / Financial Services
KSU Delta Suryatama Mergosono Malang,Banking / Financial Services
KSU Koperasi Majapahit Santosa,Banking / Financial Services
KSU LANGGENG ARTAJAYA,Banking/Financial Services
KSU Mitra Keluarga Mandiri Syariah,Others
KSU Syariah WSI (Warga Sejahtera Islam),Banking / Financial Services
Ksu.putra surya mandiri,Banking/Financial Services
KTA BANK SWASTA,Others
Ktc express 154,Others
KTM indonesia,Others
KTM semarang,Automobile/Automotive Ancillary/Vehicle
Kuala Lumpur,Others
Kuala Lumpur Kepong Berhad (PT KLK Indonesia/KLK Group),Agricultural / Plantation / Poultry / Fisheries
Kuali Restaurant Legian,Food & Beverage/Catering/Restaurant
Kubu Manggala Villas,Hotel/Hospitality
Kuda Kuda Total Prima (Yogya),Transportation / Logistics
Kuda Laut Plastik,Others
Kudeta Restaurant,Food & Beverage/Catering/Restaurant
Kui Sin Imperial,Food & Beverage/Catering/Restaurant
Kukbo Design,Architectural Services / Interior Designing
Kukuh,Others
Kukukriuk,Food & Beverage/Catering/Restaurant
Kumon (Taman Kosambi Timur),Education
Kumon BNI Jelambar,Education
Kumon Bukit Golf Riverside,Education
Kumon Cempaka Tomang,Education
Kumon Cibubur,Education
Kumon City Square,Education
Kumon Danau Beratan,Education
Kumon Darmo Permai Timur,Education
Kumon Duta Indah Square-Teluk Gong,Education
Kumon Fatmawati Festival,Education
Kumon Gayungsari Timur Surabaya,Education
Kumon Grand ITC - Permata Hijau,Education
Kumon Gresik Kota Baru,Education
Kumon Gunung Sahari,Education
Kumon Jatipadang,Education
Kumon Jend. Sudirman Bogor,Education
KUMON Kaliwaron,Education
Kumon Kedoya Duri Raya,Education
Kumon Ketintang,Education
Kumon Kramat Kwitang Kecil,Education
KUMON Manyar Jaya,Education
Kumon Manyar Kertoadi,Education
Kumon Mekar 23 - Bekasi,Education
Kumon Mertasari (Denpasar),Education
Kumon Metland Menteng,Education
Kumon Muara Karang,Education
Kumon Mulyosari,Education
Kumon New Jasmine,Education
Kumon Nirwana Eksekutif,Education
Kumon Pakuwon City,Education
Kumon Palem Barat,Education
Kumon Puri Botanical,Education
Kumon Raya Kuta,Education
Kumon Riau Business Centre,Education
Kumon Sengkaling Malang,Education
Kumon Setraduta,Education
Kumon Sukun Permai,Education
Kumon Sunter Garden,Education
Kumon Taman Anggrek,Education
Kumon Taman Gandaria,Education
Kumon Taman Palem,Education
Kumon Taman Pondok Kelapa,Education
Kumon Taman Ratu Indah,Education
Kumon Taman Sulfat,Education
Kumon Ventura-Lippo Cikarang,Education
Kumon Vila Bogor Indah,Education
Kumon Villa Kalijudan Indah,Education
Kumon Wangsaniaga,Education
Kumparan,Entertainment/Media
Kumtaris Salon,Grooming / Beauty / Fitness
Kunenepa,Others
KUNINGAN NUSAJAYA,Construction/Building/Engineering
Kunming Engineering Corporation Limited,Construction/Building/Engineering
Kunyilnet Internet Gome Online And Cafe,Entertainment/Media
Kupang,Others
Kupu Kupu Barong Villas & Tree Spa,Hotel/Hospitality
Kupu Kupu Resorts Jimbaran,Hotel/Hospitality
Kura Kura Resort,Hotel/Hospitality
Kurnia Andalan Utama,General & Wholesale Trading
Kurnia Ciptamoda Gemilang,Retail/Merchandise
Kurnia Dwipa,Repair & Maintenance Services
Kurniaflorist.com,Others
kurniawan,Others
Kurniawan Group,Construction/Building/Engineering
kurniawan INDONESIA,Others
kurniawati,Others
Kursus Bahasa Inggris English Quantum Learning,Others
Kursus Bahasa Inggris McKenly,Education
Kursus Matematika & Bahasa Inggris - KUMON Jelambar,Education
Kursus Vokal KBL,Arts/Design/Fashion
KUSAdesign,Arts/Design/Fashion
Kusuma Candra Apartment,Hotel/Hospitality
Kusuma Group,General & Wholesale Trading
Kusuma Sahid Prince Hotel,Hotel/Hospitality
Kusumanegara & Partners,Law/Legal
Kuta Angel Hotel,Hotel / Hospitality
Kuta Ardenia Residence,Hotel/Hospitality
Kuta Lagoon Resort & Pool Villa,Hotel / Hospitality
Kuta Paradiso Hotel,Hotel/Hospitality
Kuta Puri Bungalows,Hotel/Hospitality
Kuta Puri Bungalows Resort & Spa,Travel/Tourism
Kuta Station Hotel,Hotel/Hospitality
Kuta Theater,Entertainment / Media
Kuta Townhouse Apartments,Hotel/Hospitality
KutipKata.com,Entertainment/Media
Kuwait Airways Corporation,Aerospace / Aviation / Airline
Kuyagaya Shop,Retail/Merchandise
KWAI,Entertainment/Media
Kwai Lite Tech,Others
kwartama,Others
kyky architect,Architectural Services/Interior Designing
Kymtech Solusindo,"Consulting (IT, Science, Engineering & Technical)"
Kyodo News,Entertainment / Media
